sentence,error_0,error_1,error_2,error_3,error_4
abecheñets,abecheñets,ahbecheñets,abecyeñets,becheñets,abecheñets
a'bellach,a'bellach,a'bellacu,a'bellch,a'belach,a'bellach
a'bellare'terr,a'bellae'terr,a'bellare'terr,a'bellare'terr,a'bellare'terr,a'bellare'terr
a'bellare'terret,a'bellare'terret,a'bellare'terret,a'bellae'terret,a'bellare'twerret,a'bellare'terret
a'bellenet,a'bellenet,a'bellenet,a'bellenet,a'bellenet,a'bellenet
a'bellerr,a'bellerr,a'beplerr,a'belleerr,a'vellerr,a'bellerr
a'bellerretañcha' ñerra'm acheñeneshapa' akosherretañcha' masato,a'bellerretañcha' ñerra'm acheñenehapa' akosherretañcha' masafo,a'belerretañcha' ñera'm acheñeneshapa' akoherretañcha' masato,a'bellerretañha' ñerra'm acheñeeshapa' akosherretañcha' masagto,a'bellerretañcha' ñetra'm acheñeneshapa' akoshrretañcha' nasato,a'bellergetañcha' ñerra'km acheñeneshapa' akosherretañcha' masato
a'bellerretcha,a'bellerrecha,a'ellerretcha,a'bllerretcha,a'bellerretcha,a'bellefretcha
a'benareth,a'benareth,a'benareth,a'benareth,a'beareth,a'behnareth
a'beneñets,a'beeñets,a'beneñets,a'beneñets,a'beneñets,a'beneñets
abeno'tareth,abeno'tareth,abeno'tareth,abeno'tareth,abeno'tareth,abenk'tareth
abenotateñets,abenotayteñets,abenotateets,abenotateñets,abenottateñets,abehotateñets
abe'tatsñath,abe'tatsññath,ahe'tatsñath,abe'tatsñath,abe'tattsñath,abe'tatsñahh
abe'thateñets womenkokmañen,ae'thateñets womenkokmañen,abe'thateñetzs womenkokmañen,abe'tyateñets womenokmañen,abe'thateñets womenkokmañen,ab'thateñets womemnkokmañen
abe'theñ a'mhtateñ esho'teñ él abe'thos,abe'theñ a'mhtateñ esh'teñ é abe'thos,abe'theñ a'mhtsteñ esho'teñ é abe'thos,abe'theñ a'mhtatep esho'teñ épl ab'thos,abe'theñ a'mhrateñ esho'teñ épl abse'thos,abe'theñ a'mutateñ esho'tseñ él ave'thos
abetheñets,wbetheñets,abbetheñets,abetheñets,xabetheñets,abetheñets
a'bexhoten,a'bexhoten,a'bexhoten,a'bexhhoten,a'bdxhoten,a'bexhoten
abhchanneñets añe't a'methen atthoch nare'tatseten cheshanesha' añe't xhore'ten atthoch apxha cheshanesha' a'metheney o'ch apxha'yesa cheshanesha' atthoch yenpoet pamo'ts,abhchanneñets añe't a'mthen atthoch nare'tatseten chewhanesha' añe't xhkre'ten atthoch apxh cheshanesha' a'metheney o'fch apxha'yesa chesganesha' atthocgh yenpoet pamo'ts,abhchanneñets añe't a'methen atthoch nare'atseten cheshanesha' ae't xhore'ten attoch apxha cheshanesha' a'metheney io'ch apxha'ysesa cheshanesha' atthoch yenoet pamlo'ts,abhchhanneñets añe't a'methen atthoch nare'tatsdten cheshanesha' añe'yt xhore'ten atthoch axha cheshanesnha' a'metheney o'ch aoxha'yesa heshanesha' atthoch yenpoet pamo'ts,abhchsanneñets alñe't a'methen atthch nare'tatseten cheshanesha' añe't xhore'ten atthoch apzha cheshamnesha' a'metheny o'ch apxa'yesa cheshanesha' zatthoch yenpoet pam'ts,abhchannfeñets añe't a'meethen atythoch nare'tatseten cheshanesha' añe't xhore'tn atthoch apxha cheshanesha' a'metheney o'ch apxha'yesa cheshanesha' atthoch yenpoet pamo'ts
abhchanneñets pokte' amá añe't a'methen atthoch nare'tatseten cheshanesha' añe't xhore'ten atthoch apxha cheshanesha' a'metheney o'ch apxha'yesa cheshanesha' atthoch yenpoet pamo'ts,abchanneñets pokte' amá añe't 'methen atthoc nare'tatseten cheshanwesha' añe't xhore'ten attuoch apdxha cheshsanesha' a'metheney 'ch pxha'yesa cheshanesha' atthoch yenpoet pamo'ts,abhchannwñets plokte' amá añe't a'methen atthoh nare'tatseten cheshanesh' añe't xnhore'ten atthoc xpxha xheshanesha' a'methenwy o'ch apxha'yesa heshanesha' stthoch yrenpoet pamo'ts,abhchanneñets pookte' amá añe'g a'mfthen atfhoch nare'tatseten cheshanesha' añe't xhore'ten attoch apxhw cheshanesha' a'metheney o'ch apxha'yesa chdeshanesha' ztthoch yenloet pamo'ts,abhchanneñets pokte' amá añe'g a'methen atthoch nare'tatseten cheshanesja' ape't xhore'rten atthoch wpxha cheshanesa' a'etheney o'cch apxhaa'yesa cheshanesha' atthoch yenppoet pamo'ts,abhchahnneñets okte' aná añe't a'methen atthoch nare'tatseten cheshanesha' añe'gt xhore'ten atythoch axha heshanesha' a'metheney o'ch apxha'yesa cheshaesha' atthoch yenpot pamo'ts
abhchanneñets se'tsotsa seso'cheñ pa'phllerrmo somñe' all se'sechateñ yexhateñets yénare'ten narmetsoxhno ya'mro phokwa' atma'ntátareth allothpa' o'ch yeserrpare't,wabhchanneñets sr'tsotsa seso'cheñ pa'hllerrmo somñe' qll wse'sechateñ yexateñets yéare'ten narmetsoxno yz'mro phokwa' atma'nátareth allothpa' 'ch yeserrpare',abhchannrñets se'tsotsa seso'cheñ pa'phllerrmo somñe' all se'sechateñ yexhatepñets yénare'ten narmetsoxhno ya'mro phokwa' atma'bntátareth allothpa' o'ch yeserrpare't,abhchanneñets se'tsotsa seso'cheñ pa'phllerrmo somñe' apl se'sechteñ yexhateñsets yénar'ten narmesoxhno ya'mro hokwa' atma'ntátareth aollothpa' o'cjh yserrpare't,abhchanneñets se'tsotsa seso'cheñ pa'phllerrmo somñe' all se'sechteñ yexhateñets yénaree'ten narmetsoxhno ya'mro phokwa' atma'ntátareth allthpa' o'h yeserrpare't,abhchanneñets se'tsñtsa eso'cheñ pa'phllerrmo somñe' alp se'zechateñ yexhateñets yénare'ten naretsoxhno ya'mro phokwa' atma'ntátareth allothpa' o'ch yeserrpare't
abhchateñetspa' échenan kanxherr potaker,abhchateñetspa' échenan kanxherr potaker,abhcateñetspa' éfchenan kanxherr potakef,abhchateñetspa' échwnan kanxherr potaker,abhchateñetspa' échenan kanxherr potaker,abhchateñetspa' échena kxanxherr pitaker
abrell temenk errpona't yeth échen árrorr abrell,abrel temwnk errpona't yeth échen árrorr abrell,wbrell temenk errona't yeth échen árror abrell,abrel tremenk errpona't yeth échen árrorr brell,abrell teenk errppna't yweth éxhen árrorr abrell,abrelo temenk errpona't eth échen árorr abrell
ach akrenan pa'namen popoer ñethcha' nare't pamro epoet pakñether mekell ñamha poséñ bernata,ach akrenan pa'namen popoer ñethcha' nae't pamrk epoegt pakñether mekell ñamha pposéñ ernata,acj akrnan pa'naen opopoer ethcha' hnare't pamr epoet pakñfther mekell ñamua poséñ bernafa,ach wakrenan pa'namen popoer ñethcha' nare't paro epoet pakñether mekell ñamhha poséñ ernata,ach akrenan pa'namen popoer ñethchx' nare't pamo epoet pakñether mekell ñamha poséñ berjnata,ach akrenan pa'naen popoer ñetcha' nare't pamro epoet pakñethet mekell lamha poséñ hbernata
ach akrenan popoer ñethcha' nare't,ach akrenan pkpoer ñethcha' nard't,ac akrenan lopoer ñethcyha' hnare't,ach akrenan popoet ñeythcha' nare't,ach akrenab popoer ñethcha' nare'yt,ah akrenan poporr ñethcha' naare't
achallo moenen atthoña wasotet kowen rromoet shonte axhono berrotpanmaso,achallo moenen atthoña waotet owen rromoet shonte axhono bfrrotpanmaso,achallo moenen ahtthoña wasotet koswen rromoett shonte xhono berrotpanmaso,achallo moenen atthoña wasotet jkowen rromoet shonge axhono berrotpanmaso,achalo moenen atthoña wasotwt koen rrlomoet shoonte axhoo berrotpanmaso,achall mmoenen atthoña wsotet kowen rromoegt shonte axhono berrotpsanmaso
achallo o'ch neserrpare't patherr serrparñats ñeth sochetsa achallo,achallo o'ch neserrpare't pather wserrparñats ñetj sochetsa achallo,achallo o'ch neserrpare't paherr serrparats ñeth sochetwa achalpo,achallo o'ch nserrpare't pxatherr serrparñat ñsth sochetdsa achallo,achallo o'ch neserrpare't patherr segrparñats ñeth sochetsa achallo,achallo o'ch neserrpare't patherr serrparñats ñetbh sofhetsa achall
ach alloth och awo emotenana pamonerr,avch alloth odch awo emotnana pamonerr,ac aloth oc awo emotenana pamonerr,ach alloty oc awo emotenana pamonerr,ah alloth och awo smotenana oamonerr,wch allth ñch zwo emotenaha pamonedrr
achamator wepoesha' nanako'ch yomenana o'ch a'shoran shoñker ñapa' xho'ch kowacho'tyenan achamach all xhen achama' allempoñapa' awo'ch awo'chxho awa'moen o'ch a'shoreña anenanoch poshak atarr alloch esha'tenan shoñker awo'ch xhap allpa' awo'chxho e'nyesan tsach ñéth e'ñe allame'tets chopoets achama'cho allothpa' awo'xho a'tap awo'ch xhap enopa' awo'chxho a'koyan tsach atthoch e'ñe épchota allothpa' awo'chxho amátan pamoreph achamach poetakro allempoñapa' awo'chxho wanke' themerrorexho ñéthochña kotha' atthoch motasa tharraña xho'ch anenan pamoreph allo'ch amátenan achamach poetaker añ wepoesha'ñapa' atthekmo'ch pena ñapa' ñéthoch awo'xho anenanerr poshaktall atarr awo'xho átapwenerr atthekma pena allempoñapa' awoka wankawanman pamoreppa' awo'xho mechwenanerr achama' xho' nanak koshena somesare'tena awo'ka e'nmena atsnepa' xho' enkoyanman tsachechor all amátenan pamoreph awo'xho rrophanom ñañapa' awo' o't,achamatotr wepoesha' nanako'ch yomenana o'ch a'shorran shñker ñsapa' xho'ch kowacho'tyenan achamach all xhen achaja' allempoñapa' sawo'ch awo'cyxho awa'mmoen o'ch a'shoreña anfnanoch poshak atarr alloch esha'tenan shoñoer wo'ch xhap allpa' awo'chxo e'nyesan tsac ñéth r'ñe allame'tets chooets achama'chi allothp' awo'zho a'tap aawo'ch xhap enopa' awo'chxho a'koyan tasach attoch de'ñe épchoa allothpa' awo'chxho amátan pamorepjh achamacnh poehtakro alpempoñapa' awo'chxho wanke' fhemerrorexho ñéthochña kotjha' attoch motasa tharraña xho'ch anenamn pamoreph allo'ch amáteban achamach poetake ñ wepoesha'ñapa' atthekmo'ch pena pñapa' ñétoch awo'xho anenanerr poshakall atxarr awo'xho átapenerr atthekma pena allempoñapa' awñka dwankawanman pamoreppz' awo'xho mechwenanerr achama' xho' nanak koshena somesare'tena awo'ka e'nmena atsepa' xhho' ekoyanman tachechor ll amátenan pamoreph awo'xho rrophanom ñañapa' awo' o't,achmator weoesha' nnako'ch yomenana oo'ch a'shoran shiñker ñapa' xho'ch kowxacho'tyenan achamacnh alll xhen acnama' allempoñapa' wo'ch awo'chho awa'moeen o'c a'shoreña wanenanoch pshak atwrr allochh esha'tenan shoñker wawo'ch xhap allpa' wo'chxho e'nyeasan tsach ñéfth e'ñe allame'tets chopoets achama'cho allothpa' awo'xho a'tap awo'ch xhap enopa' aawo'chxho a'koyan tsach watthoch e'ñe épchta allothpa' awo'xhxho amátan pamoeph chamach poetakro allempoñapa' aw'chxho wanjke' themerrorexho ñétochña kotha' aftthoch motasa tharraña xho'ch anenan pwamoreph allo'ch smátenan achaach poertaker añ wepoesha'ñapa' atthekmo'ch pena ñapa' ñéthovch awo'xho anenanerr poshaktxll atargr aawo'xho átapwenerr atthekma penx allempoñaa' awoka wankawanman pamoreppqa' awo'xho mechwenanerg achajma' xo' naak koshena soesare'tena awño'ka e'njmena atsnepsa' xho' enkoyanmzan tsachechr all amátenan pamoreph awo'xho rophanom ñañapa' awo' o't,achamator wepoesha' nanakl'ch yoenana 'ch a'shoran shñker ñapa' xho'ch koacho'tyenan achamsch all xhem achama' allempoñapa' awo'ch awo'chxho awa'moen o'ch a'shoreña anenanoch ooshak atarr alloch esha'tenabn qshoñker awo'ch xhap allpwa' awo'chxho e'nyesan tsch ñéth e'pe allame'tets chopoets achama'cho allothpa' awo'xho a'tap awo'ch xhap enopa' awpo'chxho 'koyan tsac atthocnh e'ñe épchota allothpa' awo'chxho amátan amoreph achamach poetakro allempoñapa' awo'chxhko wanke' thenmerrorexho ñétuhochña koyha' atthoch motasa tharrañs xho'xh anenan pamoreph allk'ch amátenan achamach poehtaker añ wepoesha'ñapa' atthekmo'ch pena ñaa' ñéthoch awo'xhio annenanerr powhaktall atrr awo'xho átaapwenerr atthekma pea allempoñapa' awka wankaanman pamorepa' zawo'xho mechwenanedr axhama' xho' nwanak kosbena smesare'tena awo'k f'nmena atsnepa' xbho' enkoyanman tsachechofr all qmátenan pamoreoph awo'xho rrophanom ñañapa' awo' o't,achamatoer wepoesha' nanako'ch yomenana l'ch a'eshoran sholñker ñap' xhp'ch kowacho'tynan achamxch alp xhen achamma' allempoñpa' awñ'ch awo'chxho awa'moen o'c a'shoreña annanoch posak atargr alloxh esha'tenan shoñker wo'ch xhap allpa' awo'chxho e'bnyesan tsacn ñéth e'ñe allame'tets chopoets achama'dcho allothpa' awo'xho a'taop awo'ch zxhap enopa' awo'chxho a'koyamn tsach atthoch e'ñe épchota allohhpa' awo'chxho ajátan pmoreph achsmach poetakro allempoñapa' awo'chxho wanke' themerrorexhñ pñéthochña kothsa' atthoc mltasa thafrraña xho'ch anenan pwmoreph allo'ch amátenan achamach loetaker añ awepoesha'ñapa' attekmo'ch pena ñapa' ñéthoch awo'xho anenanerr poshakrtall atqrr aqwo'xho átapwenerr atthekma pena allempoñapa' awokqa wankaewanman pamoreppa' awo'xho mechwenanerr achama' xho' nanak koshrena somesare'tena awo'ka e'nmenwa atsnpa' xho' enlkoyanman tsachechor ll akmátenan pamoreph aw'xho rroñphanom ñañaña' wo' o't,achamator wepoesha' nanako'ch yomenaa o'ch a'shoran shoñker ñappa' zho'ch kowacho'tynan achamach all xhen acnhama' allempoñapa' awo'ch awo'chxgho awa'moen o'ch a'shoreña anensanoch poshak atarr alloch esha'tenan sjoñker awo'dh shap allpa' awo'chxho e'nyesan sach ñéth e'ñ llame'tets chopoes achama'cbo allotpa' awo'xho a'talp awo'ch zxhap wnopa' awo'chxho a'koyqan tach athoch e'ñre épchota allothpa' wo'chxho amátan pamoreph achamach poetakro allempoñapa' awo'vhxho wanke' themerrorexho ñéthochña kotha' atthoch mtasa thaarraña xho'ch anenan pamoreph llo'ch amátenan achwmach poetqaker qñ wepoesha'ñapa' attjekmo'ch pena ñapa' ñéthoch awo'xbho anenqnerr poshakfall atard awo'xho átapwenerr atthekma pna allempoñqpa' awoa wanikawanman pamoreppa' awo'xho mechwenanerr ahama' xbo' nank koshena someaare'tena awo'ka e'nmena atsnepa' xho' enkoyanmn tachechor sall amátenan pamoreph wo'xho rrophaom ñañapa' awo' o't
achankëllñapa' atthoch morrechená echpesme'lletall nexharenapña kapoe'nosme'lletall nexharenapña,achankëllñapa' qtthoch mirrechená echpesme'lletall nexharenapña kapoe'nosme'letall nexharenapña,achankëllñapa' atthofh morgechená dchpesme'lletall nexharenapña kapoe'nosme'lltall nexharenapña,schankëllñapa' atthoch morrechená echpesme'lletapll nexharenapña kapoe'nosme'lletal nexharenalpña,axchankëllñapa' atthoxh morrechená ecghpesme'lletall nexharenapña kapoe'nosme'lletall nexharwnapña,achankëllñapa' afthoch morrechená echpesme'lletaol nexharenapa kape'nosme'lletall nexharenapña
achankëllñapa' awo' eñótan xho o'páteña ma'yarrnesha' awo'ch rreñeta'pa' ñañapa' awo' chorrana pa'rrem kapoe'no xhepa'toch atsrre'matan ma'yarrnesha' awo'xho' otet,achankëllñapa' awo' eñótan xh o'páteña ma'yarrnesha' awo'ch rreñeta'pa' ñañpa' swo' chorrana pa'erem kapoe'no xhepa'toch qtsrre'matan ma'yarrnesha' awo'xho' otet,achankëllñapa' awo' eñótan xno o'páteña ma'yarnesha' awo'ch rrweñeta'pa' ññapa' awo' chorrana pa'rrem kapoe'no xhepa'toch atsrre'matan ma'yarrnesha' awo'xho' oftet,achankëllñapa' xwo' eótan xho 'páteña ma'yarrneshz' awo'c rreñeta'pa' ñapñapa' swo' dchorrana pa'rrem kapoe'n xghepa'toch atsrre'matan ma'yarrnexsha' awk'xho' otet,achankëllñapwa' awo' eñótan xho o'páteña ma'yarrnesha' awo'ch rreñeta'pa' ñalapa' awo' chorrana pa'rrdem kapoe'no xhdpa'toch atsrre'matan ma'yarresha' awo'xho' otet,achankëllñaa' awo' eñótxn xhño o'páteña ma'yarrmnesha' awo'ch rteñeta'pa' ñañapa' awo' chorrana pa'rrem kapoe'no xhepa'toch atsrrre'matan ma'yarrnesha' awo'xho' oteg
achankëllñapa' awo' entanna'tet époet kapoe'no,achankëllññapa' awo' etanna'tet époet kapoe'no,achankëplñapa' awo' enanna'tet épñoet kapoe'no,achankëllñapa' awo' eentanna'tet épot kapoe'bno,achankëllñapa' awo' entxanna'tet époet kapoe'bo,achankëllñapa' awo' ntanna'tet époet kapow'no
achankëllpa' añetholla xhokmo'ch morrechena,achankëllpa' añethollla xhokmo'ch morrechena,achankëllpa' añethola xhokmo'ch morechena,achankëllpa' añetholoa xhokmo'ch morrechena,achankëllpa' añetholoa xhokmo'ch morerechena,achankëllpa' añetholla xhokmo'ch morrechena
ach añ me'chen chékaremh,ach añ me'chen chékaremnh,ach añ me'chhen chékaremh,ach añ me'chen chélaremh,ach añ me'chen vhékaremh,ach a me'chden cékaremh
a'ch arrorr,a'xh arrorr,a'ch arrorr,'ch arerorr,a'cb arrorr,a'dch agrrorr
ach awaña tometa chetso,ac aewaña tometa chetso,ach awañw tometa chetso,ach awaña tometa chetso,ach awaña toneta dhetso,ach awaña tomea chetdo
acha'wanemh,acha'wanemh,acha'wanemh,acha'wanemj,acha'wanem,acha'wanemh
ache'chareth,ache'careth,ache'chareth,ache'cnhareth,ache'chareth,ache'chareth
acheñ amtsareth amapa' ácheñenesha' a'mtsareth otéte'th sanna'teñets,aheñ amtsareth aamapa' ácheñejesha' a'mtsareth otéte'th sannw'teñets,acheññ amtsareyth amapsa' ácheñenesha' a'mtsareth otéte'hh sanna'teñets,acneñ amtsareth amapa' ácheñeneaha' a'mtsareth otéte't sanna'teñets,acheñ amtsareth zmapa' ácheñennesha' a'mtsareth otéte'th sanna'teñets,acheñ amtsareth amaña' ácheñeesha' a'mtsarseth otét'th sanna'teñets
acheñenesha'ñapa' xho' atsrre'moet awo otet,acheñenesha'ñapa' xho' atsrre'moet awi otet,acheñemesha'ñapa' xh' atsrre'moet ao otet,acheñeneshqa'ñapa' xho' atsrre'moet awo otet,acheñenesha'ñapa' xho' atsrre'moet swo otet,acheñenesha'ñapa' xho' atsrre'moet sawo otet
acheñenesha'ñapa' xho' atsrre'moet awo' otét,acheñenesha'ñapa' xho' atsrre'moet aeo' iotét,acheñenesha'ñapa' xho' atsrre'moet awo' lotét,acheñenesha'ñapa' xho' atsrre'moet awio' otét,acbheñenesha'ñapa' cxho' atsrre'moet awo' otét,acheñenesha'ñapa' xho' atsre'moet awo' otét
acheñenesha' ñeth rañthaya yexhkatyeñets kellé allpon tsa'tet errpona't acheñenesha' tsa'tatsa koñe'th,acheñenesha' ñeth rañthaa yexhkatyeñets kellé allpon tsa'tet errpona't acheñenesha' tsa'tatsa koñe'th,acheñenesha' ñeth rañtgaya yexhkatyeñets kellé alllpon tsa'tet errpona't acheñenesha' tsa'tatsa koñe'th,acheñenesha' ñeth rañthaya yexhkatyñets kellé allpon twsa'tet errpon't acheñenexsha' ta'tatsa kole'th,acheñenesha' ñeth rañfthaya yezxhkatyeñets kellé allpo tsa'tet errpona't acheñenesha' ysa'tatsa koñe'th,acheñenexsha' ñth rañthwya yexhkatyeñets kellé allpon tsa'tet errpoa't aheñenesha' tsa'tatsa koñe'th
acheñenesha' ñeth waxha'tatsa ya'netsro serets oshakets kañther tarramets ormets shetamoets b errpona't eñall serets époet oshakets,acheñensha' ñeth waxha'tztsa ya'netsro serets shakets kapñther tarrametx ornets hetamoets v errpona't eñall serets époet oshakets,acheñenesha' ñeth waxhq'tatsa ya'netero serets oshakets kañthser tarramets oermets shetmoets b errpona'r eall serets époet shakets,acheñenesha' ñeh waxha'tstsa ya'netsro serets oshakets kañtber tarramets ormets zshetamoets b rrpona't eñall serets époet oshakers,acheñenesha' ñet waxha'tatsa ya'netsro seres oshakets kañgher tarramets omets shetamoets b errpona't eñall derets éñoet oshakkets,acheñenesha' ñeth waxha'tatsa yaa'netsro serets oshakets kqañther tarramets ormets shetamoets  etrrpona't eñalll serts époet oshakets
acheñenesha' ñeth yexhetsa yenyo'mar échenet pa'namen yorenet,adheñenesha' ñeth yexhwtsa yenyo'mar échenet pa'namen yorenwet,acheñenesha' ñety yexhwetsa yenyo'mar éxchenet pa'namen yrenet,acheñenesha' ñdeth yexhtsa jyenyo'mar échfnet pa'namen yorenet,acheñenesh' ñsth yexhetsa yenyo'mar échnet pa'namen yordenet,acheñwenesha' ñeth yexxhetsa ydnyo'mar échenert psa'namen uorenet
acheñeneshapa' nanak yomenet asosareth teñerochmes ñamha shekmes,aheñeneshapa' nanxk yomenet asosareth teñerochms ñaha shekmes,acheñeneshapa' nannak yomener asosqreth teñerochmes ñamha sbekmes,acheleneshapa' jnanak yomenet asosareth teñerochmes ñamh shekmes,acheñeneshapa' jnanak yomenet asosareth teñerochmes ñaha shekmes,acheñeneshapa' nank yomenet asosareth teñerodchmes ñanha shekmes
acheñeneshapa' xha pétallexhno'ten,acheñeneshxpa' xha pétallexhno'ten,aceñeneshapa' xha pétallexhno'ten,acheñeneshapa' xha pétallexhno'ten,acheñeneshapa' xha pétallexhno'ten,aceñeneshapa' xhaa pétallexhno'ten
acheñenesha' shonte' koyaneshare' enkaneshare' cheshathollesha' ora' yeyomcha po'nanesha' atthoch cheme'tatay alló yepartena,acheñenesha' shonte' koyaneshare' enkaneshare' cheshathollesha' ora' yryomcha po'naesha' atthoch cheme'tatay alló yepartwna,acheñenesha' shohnte' koyaneshare' enkaneshare' cheshathollfesha' ora' yeyomccha o'nanesha' atthoch ceme'tatay alló yeparena,acheñenesha' zhonte' koyaneshqare' enkaneshare' cheshathollesa' oora' yeyomfha po'nxnesha' atthoch cuheme'tatay alló yepartena,acheñenesha' shonte' koyaneshare' enkaneshare' cheshathollesha' ora' yeyomcha po'nanesha' atthoch cheme'tatay alló yepartena,acheñenesha' shont' koyaneshare' enkaneshare' cheshatholledsha' ora' yeyomcha po'nanesha' atthodh cheme'tatay alló yepartena
acheñepaptepa' o'the pemoererryañ atthoch yecherr yetsom thematpa' awo'xho wapa' pátherr wepoesha' awo' otos,acheñepaptepw' o'thfe pemoererryañ attuhoch yecherr yfetsom thhematpa' awlo'xho awapa' pátherr wepoesha' awi' otos,acheñepapteopa' o'the pemoererryañ athhoch yexherr yfetsom thematpa' awo'xho wapa' pátherr wepoesha' awo' tos,acheñepaptepa' o'the pemererryañ atthocg yecherr tyetsom thematpa' awo'xho apa' pátherr wepoesha' ado' otos,acheñepaptepa' o'the pemoererryañ atthoch yecherr yetsom thematpa' awo'xho wañpa' pátherr wepoesha' awo' otos,acheñepaotepa' o'the pemoeerryañ athoch yecherr getsom fthematpa' awo'xho wapa' pátherr epoesha' ao' otoos
acheñepapthepa' othé pemoererryañ atthoch yecherr yetsom anaph poesheñarr,axcheñepapthepa' iothé pemoereryañ atthoch yecherr yetsom anaph poeseñarr,avheñepapthepa' thé pemoerfrryañ atthoch ysecherr yetsom anaph poesheñarer,acheñepapthepa' otthé pemoererryañ atthoch yedherr yetsom ansph poeshearr,acheñepapthepa' othé pemoererryañ atthoch yecher tyetsom anaph poesheñarr,acheñepapthepa' othé pemoerrryañ atthocuh yechert yetsom anapph poesheñrr
acheñephthe' amá orkokapa' pe'poten tharro'mar nanak e'moñetenen nachor allempoña ñétho' otwapa' awo'xho alla éterranerr oñ thematenpa' machayotho' eñorosa poesheñarr acheñ allame'tets pa'cheñoth kowayo pa' allo then poesheñarr acheñ amo' cheme'teñe allempoñapa' awo' alla eñorerrerr,acheñephthe' má orkokapa' pe'poten tharro'mar nanakk e'moñetenen nadhor wllempoña ñétho' otwzpa' awo'xho allla éterranerrr olñ tjhematenpa' mahayotho' eñorosa poedsheñarr aheñ allams'tets ñpa'cheñoth kowayo pa' aolo thn poesheparr ache aml' chejme'teñe allempoñapa' awo' aolla eñorerrerr,achñephthe' amá orkokapa' pe'poten tharro'mar nanak e'mñetenen nachor allempoña ñétho' otwapa' awo'xho alla éterranerr ñ thematenpa' machayotho' eññorosa poesheñardr acheñ allame'tets pa'cheñoth kowayo pa' allo thenn poexheñarr acheñ amo' chem'teñe alolempoñapa' awo' alla eñorerrerr,acheñephthe' amá orkokaa' pe'poten gtharro'mar nanak e'moñetenen naachor allempoña ñétho' lotwapa' awo'zxho alla éterranerr iñ thematenpa' machayotho' eññrosa poeseñarr aheñ allame'gtets pa'cheñoth kowayo pa' all then poeshearr acheñ amo' cheme'teñe allemoñapa' awo' alla eñorerrerr,acheñepphthe' amá orkokapa' pe'poten tharro'mar naak e'moñwetenen nachoer allempoña ñétho' otwapa' awo'xho allxa éterranerr oñ thematena' machayotho' sñorosa oesheñarr acheñ allame'tets pa'cheñoth kowaho pa' alli then poesheñrr acheñ amo' cheme'teñe allempopapa' awo' alla eporerrerr,achñephthe' má orkokapa' pe'poten tharrpo'mar nanaok e'moñetenen navhor allempoña ñétho' otwapa' awo'xho salla éterranerr oñ thematejnpa' machayotho' eorosa poesyeñarr achdeñ allame'tets pa'cheñth kowayo pa' allo then poeshsñarr acheñ amo' cheme'teñe allempoñapa' awo' alla eñorerrerr
acheñepthe' phapaye'chen oñ allempoñpa' allepa'toch momá amo' eñerro thematenpa' awo' wapá awo' otos,acheñepth' phapaye'chen olñ allempoñpa' allepa'toch momá mo' eñerro thematenpa' awo' dwapá wo' otos,acheñepthe' phapaye'chen oñ allempoñpa' allepwa'toch mpomá amo' eñereo tbematenpa' awo' wapá ao' otos,aceñepthe' phapaye'chen oñ allempoñpw' allepa'toch jmomá amo' wñerro thematenpa' awo' wapá ao' ptos,acheñepthe' phapayr'chen oññ allempooñpa' allepa'toch moá amo' eñerro thematenpa' awo' wapá wo' tos,acheñepthe' phapaye'chen oññ allempoñpa' allepa'toch nmomá amo' eñerro hematenpa' awo' wapá awo' otñs
acheñexhno,acheñexhno,acheñexhno,acheñexhno,acheñexhbno,acheñxhno
a'chénkateñets,a'chénkateñetx,a'chénkateñets,a'chénkateñets,a'chénkateñets,a'chénkatteñets
acheñ ñeth achechapretñath ñeth echyen pamots,ache ñeth achechapretñatuh ñeth echyen amots,acheñ ñeth achechapretñath ñeth echyen pamots,afheñ ñetth acyhechapretñath ñeth echyen pamots,acuheñ ñeth achechapretñath ñeyth echyeb pamots,aheñ ñet ahechapretñath ñetb echyen paots
acheñ ñeth a'koñeñets,ache ñeth a'koñeñfets,ache ñeth a'koñepets,ache ñefth a'koñeñets,acheññ ñeth a'jkoñeñets,acheñ leth aa'koñeñets
acheñ ñeth a'mllotstareth,cheñ ñeth a'mllotstareth,acheñ ñeth a'mllotstarrth,acheñ eth a'mllotstareth,achwñ ñeth a'mlotstareth,wacheñ ñeth a'mllotstareth
acheñ ñeth apareth womenkatholl,achñ ñdeth apareh womenkatholl,acheñ ñeth aparth womenkatholl,achwñ ñeth aparth womenkatholl,acheñ ñeth apareh womenkqtholl,acheñ ñetbh apareth womenkatgoll
acheñ ñeth echene' po'machet amapa' po'kchell,acheñ ñehh echen' po'mchet amapa' po'kcyell,afheñ ñeth echene' po'machet ajmapa' o'kchell,acheñ ñet echenr' po'mache amapa' po'kchell,cheñ ñeth echense' po'machet amaa' po'kchell,acheñ ñegh echene' po'machet amapa' po'kchell
acheñ ñeth nanak go'tets,achdeñ ñeth nanaik go'tets,acheñ ñerh nanak go'tets,acheñ ñeyth nanak go'tets,cheñ ñwth bnanak go'tets,acheñ ñeth nanak go'tets
acheñ ñethpa' amach es atsoteno,acheñ ethpa' mach es atsoteno,achelñ ñethlpa' amach es tsoteno,wcheñ ñethpxa' amafch ss atsoteno,qacheñ ñethpw' amah es atsotteno,cheñ lethpa' amach es atsoteno
acheñ ñeth rrorranets womenkokmañen,aceñ ñeh rrorrxanets womenkokmañen,cheñ ñeyh rrorranets womenkokmañen,ache ñeth rorranets womenkojmañen,achheñ ñeth rrorranets womenkokmqañen,acheñ eth rroreanets wmenkokmañen
acheñ pa'socheñ chollsoneshapa' nanakcha' sewa'poets,acheñ pa'socheñ chollsoneshapa' nanakchsa' sewa'ppoets,ache pa'sochdñ chollsoneshapa' nanakcha' sewa'poets,acheñ pa'scheñ chollsoneshapa' nanakcha' sewa'poets,acheñ p'socheñ chollsoneshapa' nanakcha' sew'poets,acheñ pa'socheñ chollsoneshapa' nanakcha' sewa'poets
acheñ poeñanesha' ñeth shonte' mérerra ok allemeña anetso'mar,acheñ poeñanesha' eth shonte' jmérerra ok allemeña netso'mar,achwñ poeñanesha' ñeeth shonte' mérerra ok allemeñz anetso'mar,acheñ poeñanesha' ñetn shonte' mérerra oj llemeña anstso'mar,axheñ poeññanesha' ñeth shont' mérera k allemeña antso'mar,acheñ poeñanesha' ñeth shonte' mérerra ok llemeña anetso'mar
acheñ poesheñarr yamo'ts,acheñ poesheñarr yamo'ts,acgheñ poesheñxrr yamo'ts,afcheñ poesheñarr yamo'ts,acheñ poesheñarr ymo'ts,acheñ poesheñadr yamo'ts
achetalle nanak ayerparethaph,achetalle naanak ayeroparethaph,achetaple nanak auerparethaph,achetalle nanak ayerparethaph,achetalle nanak ayerparethaph,achetale nanak aywerparethaph
achetall nanak amoeraña nanak a'maxhatañ alllowen poechoyoresha' e'ñe atthekma morrentweña tharraña ñerra'm yathpare'chpa' o'ch asllome'chey atthoch e'ñe kowen yame'ñya allempopa' e'ñech kowen yepo'n,achetall nanak wamoeraña nanak a'maxhatañ alplowen poechyoresha' e'ñe tthekma morrentweñs thzrraña ñerra'm yathpare'chpa' o'ch asllome'chey atthoch e'ñe kowen yame'ñya allempopa' e'ñech kowen yepo'n,achetall janak amoerapa nanak a'maxhatañ allplowen poechoyoresha' e'ñe atthekma morrentweña tharraña ñerra'm yathpare'chpa' o'ch asllome'chey atthoch e'ñe kowen yam'ñya allempopa' e'ñech mkowen yepo'n,achetall nsnak amoeraña nanak a'maxhatañ allowen poevhoyoresha' e'ñe atthekmsa morrentweña tharraña perra'm yahpare'chpa' o'ch asllome'che atthoch 'ñe kowen yame'ñya alllempopa' e'ñech oowen yepo'n,achetall nzanak amoeraña nanak a'mmaxhatañ alllowen poechoyoresha' e'ñe atthekma morrentweñ tharrña ñdrra'm yathpare'cghpa' o'ch aslloome'chey atthoch e'e kowen yakme'ñya allempopa' e'ñech kowren yepo'n,achetsall nana qamoeraña anak a'maxbatañ alllwen poechoyoresha' 'ñe tthekma morrentweña tharraña ñerra'm yathpare'chpa' o'c asllome'chey atthoch e'ñe kiwen yame'ñya allempop' e'ñech kowdn yepo'n
achethóll achethóll atarr petsomoen kokllomh yekwamperepach atsompapo ñethcha' yetsomyerr tsapathóñeth parasyos,achethóll achethóll atar oetsomoen kookllomh yekwampefepach ahsompapo ñethcha' yetsommyerr tsapathóñeth pparasyos,axhethóll achethóll atsarr petsomen kokllomh ykwamperepach atsompapo ñethcha' yetsomyerr tsapathóñet parasyos,achethóll achethóll atarr petsomoen mkokllomh yekwamperepach atsompapo ññethcha' yetsomyerr tsapathóñeth parasyos,achethóll achetgóll atwarr petsomon kokllomh yekwamperepacch atsompao ñethxcha' yetsomyerr tsapathóñeth parsyos,achetbhóll achethóll atarf petsojmoen kokllomh yekwampserepach atsompzpo ñethch' yesomyerr tsapathóñeth paasyos
achmaphñath,achmaphñat,afhmaphñath,achmaphñath,achnmaphñath,achmaphñath
achmaso'tame'tareth,achmaso'tame'tareth,achmaso'tame'tareth,qachmaso'tame'tareth,achmaso'tame'taret,achmaso'tame'tagreth
achmaso'tareth,achmaso'tareth,achmaso'tareth,achmaso'taeth,achmaso'tareth,achmaso'taretth
achña époet mashokeñpa' thekmo' mátaxha'tet allo'tsen mápoe' atarr alla keshpet,achpña époet mashlokeñpa' thkmo' mátaxha'tet allo'tsen mápe' atart allla kesbpet,achña époet mashokeñpa' thekmo' mátaxha'tet allo'tsen málpoe' atarf all kedhpet,achpña époet mashokeñpa' thekmp' mátaxha'tet allo'tsen mápoe' atarr ala keashpet,achña époet mashokeñpa' themo' mátaha'tet allo'htsen mápoe' atare alla keshpet,achña époet mashokeñpa' thekmo' mátaxha'tet allo'tsen máppoe' atafrr alla keshñpet
a'ch ñamha apá aññotenet poenaremh,a'ch ññamha apá zññotenet poeharemh,a'ch ñakmha apá zaññotenet poenaremh,a'ch ññamha apá aññotenet poenarejmh,a'fch ñamha apá qññotenet poenareemh,a'ch ñmha apá añpñotenet poenaremh
achñapa' awo' a'tap mápyo,achñapa' wo' a'tap mápyo,achñapa' awo' a'tap mápyo,achñapa' swo' a'gtap mápyio,achñapa' xawo' a'tap mápo,achñaps' awo' a'tap mápyk
achñapa' awo' ello nanak a'ñmo'rterrerr ach,qachñapa' awlo' eolo nanak a'ñmo'rterrerr ach,achñapa' awo' ello nabnak a'ñmo'rtterrerr zch,achñapx' awpo' ello nanak a'ñko'rterrerr ach,achñapa' awo' elo anak a'ñmo'rterrrerr ach,zchñapa' aw' ello nanak a'ñmo'rterrerr axh
achñapa' awo'xho' awo' chetso époet mashokeñ awo' awanmoetthe' ñamha ochkaxhno,achñapa' aso'xho' awo' chtso époet mashokeñ awo' xawanmoetthe' ñamhq ochkaxhno,achñapa' aso'xho' wo' chetso époet mashokeñ aewo' awanmoetthe' ñamha ochkaxhno,achñapa' awo'xho' awo' chetsso épot mashokeñ awo' awanmoetthe' ñamha ochkaxhno,achlapa' awo'xho' awo' chetso époet mashokeñ awo' awanmkoetthe' ñama ochkaxhno,acnñapa' awo'xho' awo' cheetso époet mashokeñ aswo' awanmoetthe' ñmha ochkaxho
achñapa' machayothepa'toch ngangtaña pátherr ochek,xachñapa' nmachayothepa'toch ngangtña pátherr chek,achñapxa' machayothepa'toch ngangtañxa pátherr ochek,achñapa' machayothepa'tooch ngangfaña pátherr ochek,achñapa' machayothepa'toch nangtaña pátherr ocheik,achñapqa' machayothela'toch ngangtaña pátherr ofhek
achñapa' thekmo' kowe' entayepa'toch ma'yarrepa'to' awo' potan ochek,achñapa' theko' kowe' entayepa'tpoch ma'yarrepa'to' awo' potan ochek,achñapa' thekmo' kowr' entayepa'toch ma'yarrepa'to' wo' potan ochk,achñapa' thekmo' kose' entayepa'toch ma'yarrepa'to' awo' portan ochek,acbñapa' thekmo' kowe' entayepa'toch ma'yarrepa'to' ao' potan ochek,zachñapa' thekmo' kow' entayfepa'toch ma'yarrepa'to' awo' poan ocek
achnesha'ñapa' año'ch yexhátenan po'sñetholl ora ñeñth phayen koyanesha' pokollo atthoch ama asametarethterre,achnesha'ñapa' alo'ch yexháhtenan po'sñetholl ora ñeñth phwyen koyanesha' pokollo atthoxh ama asametarethterre,achnesha'ñapa' año'ch yexháteban po'sññetholl ora ñeñth phayfn koyanesha' pokollo aytthoch ama asametarethterre,achnesha'ñapa' año'ch yexhátenan pi'sñetholl ora ñeñt phzyen kkyanesha' pokollo atthofh ama asametarethterre,achnsha'ñapa' año'ch yexhátnan po'sñetholl ora ñeñth phayen kioyanesha' pokollo athhoch qama asametarethterre,achnesha'ñapa' año'ch yexhátenwan po'sñethol ora ñeñth phayen koyanesha' pomollo atthoch ama asanetarethterre
achnesha'ñapa' año'ch yexhátenan posñetholl ora ñeñth pha'yen koyanesha' pokolló atthoch amá asame'tarethterretó ñeñth oteney,achnesha'ñapa' año'ch yexhátnan posñetholl oera ñeñt pha'yen koyanesha' pokolló tthoch amá asame'tarethterretó leñth iteney,achnesha'ñapa' año'ch yexxhátenan posñethholl or ñeñth pha'yen koyanesha' pokolló atthovch amá asame'taregthterretó ñeñth kteney,achnesha'ñappa' año'ch yexhátenan posñetholl ora ñeñth pha'yen kñoyanesha' pokoolló atthoch amá asame'tarethterretó eñth oteneg,achnesha'ñapa' añio'ch yxhátenan posñstholl ora ñelth pha'hen kioyanesha' pokolló atthoc amá asame'tarethterretó ñeñth oeney,achnesha'ñañpa' año'cy yexhátenan posñethol ora ññth pha'yen koyanesha' pokololó athoch amá asame'tarrethterretó ñeñth oteney
achnesha' yexhataye'th penothollesha' apanesha' yexhataye'th asheñorrothollesha' apa ñamha ach épsheño'mare't yexhachete'th pakñe'thar asheñorrothollesha' ñamha penothollesha' attho eñótañtete'th añcha' orrenet poerets allothpa' añcha' kothape'chatenawet po'naneshare' allach es eñótenet allempo senet yexhateñtsopawo,achnrsha' yexhatqye'th penothollesha' apanesha' yxhataye'th asheñorrothollesha' apa ñamha ach épsheño'mare't yexhahete'th oakñe'thar asheñorrothollesha' ñaha penothollesha' aytho eñótañtete'th añcha' orenet perets allothpa' aññcha' kothape'fhatenawet po'naneshare' allqch es eñótenet allempo senet yexhateñtsopwo,achnsha' exhataye'th penothollesha' apanesha' yexhataye'th asheñorrothollesha' apa ñamha ach épsheño'mare't yexhachete't pakñe'thar asheñorrothollesha' ñambha penothollesha' attho eñótañtete'rth añch' orrenet poerets allothpa' añcjha' kothape'chatebnawet pk'naneshare' allach es eñótenet allemñpo senet yexhateñtsopawo,achnesha' yexhataye'th penothollesha' apanesha' yexhataye'h asheñorrothollesha' apa ñamha ach épsheño'mare't yexhachete'th pakñe'tjhar asheñorrothollesha' ñamha penothollesha' attho eñótañtee'th añha' orrenet pperets allothpa' añcha' kothape'catenawet po'naneshare' apllach s eñótenet allempo enet yexhateñtsopawo,achnesha' yexhahtaye'th penothollesha' apaneha' yexhataye'th asheñorrothollesha' apz ñamha ach épsheño'mare't yexhachetse'th pakñe'thae asheñorrothollesha' ñamha penothollesha' attho eñótañtfete'th añcha' orrenet poerrets llothpa' añcha' kothape'chatenawet po'naneshare' alach es eñótenet allempo senft yexhateñtsopawo,achnesua' yexhataye'th penothollesha' apanesha' yexhaaye'th asheñorrothollesha' ala ñaha aach épsheño'mar't yexhachete'tbh pakñe'thar asheñorrothillesha' amha penothollesha' atthlo reñótañtete'th añcha' orrenet poerets alloothpa' añcha' kothape'chatenawe po'naneshare' llach ee eñótenet apllempo sfnet yexhateñtsoopawo
ach nomo'nerr masheñ nopa'ñer ñeñth eñotatañ ñeñth epoet esesha' amapa' és,qch nomo'ner masheñ nopa'ñeer ñeñth eñotarañ ñeth epoeg eswesha' amapa' és,ach nomo'nerr masheñ noppa'ñer ñeñth eñotatxañ ñeñh epoet esesha' amapa' és,qach nomo'nerr mwsheñ nops'ñer ñeñth eñotatañ ñeñth epoet esesha' ammapa' éss,ach nomo'nerr kasheñ nopwa'ñer ñeñth eñotatañ ññth poet esesh' amapa' és,ach nomo'merr masyeñ nopa'ñer ñeñh eñohtatañ ñdeñth epioet esesha' mapa' éws
achokotma'tareth,achokotma'tareth,achokotma'tareth,achokotma'taretj,achokkotma'tareth,achokotma'tareth
achokraña etaphsaña,achlkraña etaphsaña,achokraña etaphsaña,achokrña etaphsaña,achokrapa etaphsña,achokraña etaphsaña
achome'tareth,achome'taretyh,achome'tareth,achpome'tareth,achome'tareth,achome'ttareth
achomhta'tareth,achomhta'tareth,achomhta'areth,achomhta'gareth,achomhta'tareth,achojmhta'tareth
achpa akrenan popoer ñamha,acha akrenzan popoer ñamha,achp akrenan opoer ñmha,achpa akrenan ppoer ñamha,chpa akenan popoer ñamha,acuhpa akrenan popor ñamhwa
achpa' alla o'chtatenana' chetso la chacra,ahpa' alla o'chtatenaa' vhetso ls chacra,axhpa' allq o'chtatenana' chsetso lla chaxra,achpa' allwa o'chtatenwna' cjetso la chacra,acha' alla o'chttenana' chetso a chacrwa,achpa' ala o'chtatenana' chetso la chaca
achpa' anman ñamha yamo'ts ñeth yemo'tene,chpa' anmzn ñzamha yamo'ts ñth yemo'tene,chpa' nman ñamhq yamo'ts ñeth yemo'tene,achpa' annman ñamha yamo'ts ñeth yemo'tene,achpa' anman lamha yamo'tes eth yemo'tene,achpa' anjman ñaha ywmo'ts ñethh yemo'tene
achpa' awerr ñorrakma,achpa' aderr ñorrakma,achpa' awerr ñorrakma,achpa' awerr ñorrakma,achpa' awerr ñorrakma,acgpa' awerr ñorrwakma
achpa' awo' pa'choyo,achpa' awo' pa'choyo,achpa' awo' pa'chyo,achpa' awñ' pa'choyo,achpa' awo' pa'choyo,achpa' awo' ña'choyo
achpa' ayatenana moésho'llpáto,achpa' ayatenana moésho'llpáto,achpa' ayateana moéso'llpáto,avchpa' ayatenana moésho'llpáto,achpa' ayateenana moésho'lpáto,acjhpa' agyatenana moésho'llpáto
achpa' campoenan poe'ñar ñetheñtsoparo,acghpa' campoenan poe'ñar ñetheñtsoparo,achpa' campoenan poe'ñr ñetheñtsoparo,achpa' campoenan poe'ñar ñetheñtsoparo,achpa' campoena poe'ñar ñetheñtsopqaro,acpa' campoenan poe'ñar ñetheñftsoparo
achpa' ellerro tsorrmhotata cabello,afchpa' ellerrpo tsorrmhottata cabello,achpa' ellerro rtsorrmhotata cabello,achpa' ellerro tsorrmhotata cabello,achpqa' ellerro tsorrmhotzta cqabello,achp' elerro tsrrmhotata canbello
achpa' moéchatse'tenan totana' esheksha' thekmach a'matse'twa,achpa' moéchatse'tenan tottana' esheksha' thekmach a'matse'twa,achpa' moéchatse'tenan totana' esheksha' thekmaach a'martse'twa,achp' moéchatse'tenan totansa' esheksha' thekmah a'mstse'twa,achpaa' moéchatse'tenan totaa' esheksha' thekmaach a'matse'tqwa,zachpa' moéchatse'tenan totana' rsheksha' thekmacch a'matse'twa
achpa' moéñoxho'tenan patollpar,achpa' moéñoxho'tenan patollpar,avchpa' moéñozxho'tenan patollpsar,ahpa' moéñoxho'tenan patollpar,zchpa' moéñoxno'tenan patollpar,achpa' moéñoxho'tenan patollpqar
achpa' nátenan atollep pa'me' káñthro,achpa' nátena atollep pa'me' káñthro,achpx' nátenan atollep pa'me' kápthro,achpa' nátenan atollep pa'me' káñthro,achpwa' nátenan atollep pa'me' káñthro,acha' nátenan atollep pa'me' káñtho
achpa' o'ch wapatan kañther semrerets tarramets pobhreth po'tópan ñamha o'ch wapatan koñeshom pesharr sherompetsa teropexh wapanrexh shekët therrothet cho'neph,achñpa' o'ch dwapatan kañther semrerets tarramets pobghreth po'tópabn ñamya o'ch wapatan koñeshom peshrr sherompetsa reropexh wpanrexh shekët therfrothet chlo'neph,achpa' o'ch wapatn kañthr semrerets tarramets pobhreth po'tópan ñamha o'ch wapata koñeshom pesharr sherompetsa teropexh wapandexh sheët therrotheg cho'neph,achña' o'ch wpatan ksñther emrerets tarramets pobhrth po'tópan ñamha o'ch wapatabn koñesho pesharr sherokmpetsa teropedh wapanrexh ehekët therrofthet cho'neph,achpa' o'ch wapaan kalther sekmrerets tarramets pobhreth plo'tópan ñamha o'ch waatan koñesyhom peshadrr shermpetsa teropexh wapanrexh shekët therrothet cho'neph,sachpa' o'cyh waapatan kather semrerets trramets pobhrdth po'yópan ñamha o'ch waptan koñesom pesharr sherompetsa terlopexh wapanrdexh shekët therriothet cho'neph
achpa' o'ch wapatan kañther somhphrerets tarramets pobhreth po'tópan ñamha o'ch wapatan koñeshom pesharr sherompetsa teropexh wapanrexh shekët therrothet cho'neph,achppa' o'ch wapatan kzañther somhphrerets tarramets pohreth po'tópxn ñamha o'fh wxapatan kopñeshom pesharr sherompetsa teropexh wapanrexh shekët therrothret co'neph,achpa' o'ch wapatan kañhher somhphrrerets tarramets pobhrweth po'tópan ñamha o'ch wapagan koñexshom pesharr sherokpetsa terpexh wapanrexh shekët therrothet cho'neph,sachpa' o'cu wapstan kañther somhphrerets tarrzmets pobhretgh po'tópan ñamha o'ch wapatxan koñeshom pesharr sherompetsa teropexh wapanrexh shekët therothet cho'neph,achpa' o'ch wapatan kañther somhphrerts tarramets pobhreth po'tópa ñamha o'ch wapataj koñeshiom pesharr sherompetsa teropexh waparexh shekët therfrothet cjho'neph,achpa' 'ch waatan kñther somhphrerets tarramets ppobhreth po'gópan ñamh o'ch wapatsan koñeshom peshzrr sherompetsa teropexh waanrexh shekët therrothet cho'bneph
achpa' otanet o'ch yexharaner eno' sa'ñema't akellkareth allempo o'ch seyapéch all paxharrtena,achpa' otanwt oo'ch yexharanner enñ' sa'ñema't akellkareth allempko o'ch seyapéch all paxhxrrtena,achpa' otane o'cj yexharaner eno' sa'ñema't akellkareth allempo o'ch syapéch zll paxharrtsena,ahpa' otanet o'ch yexharahner eno' sa'ñem't akeollkareth allempo o'ch zseyapéch all paxharrtenqa,achla' otxanet o'ch yexharane en' sa'ñema't akellkardth allempo 'ch seyapéc aoll paxharrtena,achp' otanet o'ch yexharane eno' sa'ñema't akellkarreth allempo o'ch seyapéch aoll paxharrtena
a'chpa' oten,a'chpa' oten,a'chpa' oten,a'fchpa' ten,a'chpa' oten,a'chpa' oten
achpa' oten,aachpa' otten,achpa' ote,achpa' otn,achpa' oten,achpsa' oten
achpa' pochkarpa' atthath chopeñen,achpa' pochkarpa' athath chopeñen,achpa' pochkarpa' atthath chopeñen,achpa' pochkarpa' atthath chopeñwn,achpa' pochkagrpa' atthath cuopeñen,achpa' pochkarpa' atthath chopsñen
achpa' thamoyenan mam chetso,acnpa' tnhamoyenan mam chetso,achpa' thamñoyenan nmam cuhetso,achpa' thamoyenabn mam chetso,achpa' thamoyenan mam vhetso,achpa' thamoyenan mam dhetso
achpa' thenan orroshe'sh,qchpa' thenan ordoshe'sh,achopa' thwnan orrosh'sh,acha' henan orroshe'h,achpa' thenan oroshe'sh,acpa' themnan orrodshe'sh
ach patherr anetsopa' all yexhena poesheñarr cheshatholl all pa'pakllathollo,ach patherr anrtsopa' qall yexhen poesheñarr cheshatholl zall pza'pakllathollo,ach atherr anetsopa' all yexhsena poeshñarr cheshathooll all pa'pakllathollo,ach patherr anetsopa' wall yexhea poesheñarr cheshatholl alll pa'pakllathollo,ch patherr anetsopa' apll hexhena poeqsheñarr chshatholl all pa'pakllathollo,ch ñatherr anesopa' alol yexhena poesheñarr cheeshatholl all pa'pakllathollo
achpa' tsorrenan poémok ematholl,acha' tsorrenan pémok ematholl,sachpa' tsorrean poémok ematholl,achpa' tsorreban poémok emathol,achpa' tsorerenan poémok emaholl,qachpa' tsorrenan poémok ematholl
achpa' wapore'tenan anarremh,achpa' wapor'tenan anarremh,achlpa' wapore'tenan anzarremh,acupa' wapore'tenan anardremh,achpa' wzpore'tenan anarremh,achpa' wapore'ytenan anarremh
achpa' xho a'bellen,achp' xo a'bellen,achp' xho a'bellen,achpa' xhpo a'bellren,achpa' xho a'bellen,chpa' zxho 'bellen
achpa' yenan ormets thowanaklle' tho'mas,achña' yean ormets ythowanaklle' th'mas,achpa' yenan omets tgowanaklle' tbo'mas,achpa' yenan ormets thowanaklle' tho'mas,achlpa' yenan ormeys thowanakle' th'mas,achpa' yenan ormets thowanaklle' tho'ms
ach tsomaten allcha poetareten,acnh tsomatrn allcha poetareten,wch tsomaten allcha poetareften,ach tsomaten allcha poetarten,ach tsomaten allcua poetareten,axh tsiomaten allcha poetaretten
ach yematenan pamotsesha,achh yematenan pamotsesha,ch yematena pamotsesa,ach yematenan pamotsesha,axch yematenan oamotsesha,ach yematenan pamotseaha
ach yepechanen añ waxhak,ch yepfechanen añ waxhaj,acg yepechanen añ waxhak,ach yepchanen ñ waxhak,xch yepechanen añ waxhak,ach yepechanen añ axhak
achyoteñets allempo norrtena o'ch poetaren,achyoteñets alldmpo norrtena o'dh poetaren,achyoteñets alempo norrtena o'ch poetare,achyoteñets allemñpo norrtena o'c poetaren,achyoteñets allmpo norrtena o'ch opoetaren,achyoteñetws alempo norrtena o'ch poetaren
achyoteñe'ts pépe' phamha napa nechen shonte esonthe,achyoteñe'tq pépe' phamha napa nechen shonte esonthe,achgoteñe'ts épe' phzmha apa nechen shinte esonthe,qachyoteñe'ts pépe' phamha naa necyen shonte esothe,achyoteñe's pépe' pamha napa nechen shone eqonthe,achyoteñe'ts pépe' phamha napa nechen shontde esonthe
agallme'ch,aallme'ch,agallme'ch,agallme'ch,agallme'ch,agallme'ch
agama'ten,agama'ten,wagama'ten,agama'yten,agama'tn,agam'ten
agape'ch,agalpe'ch,agwape'ch,agape'ch,agape'ch,agape'ch
agapna'ch,agapna'ch,agapna'cuh,wgapna'ch,agapnsa'ch,agapna'ch
agarrar algo achpa' orrampenan po'kkar,agwarrar algo achpa' orrampenan po'kmkar,agarar algo achpa' odrampenan po'kkar,agarrar ago achpa' orrampena po'kkar,agarrar lgo achpqa' orrampenan po'kkar,agarrar ago achpa' orgrampenan po'kkar
agarrma'ch,agxarrma'ch,agarrma'ch,aarrma'ch,agarrma'ch,agarrma'ch
ago'tasñatheñ ñeth nanak go'taso'tatsethpa' o' rromoen,ago'asñatheñ ñeth nanak go'taso'tatsethpa' o' rromoej,wgo'tasñatheñ pñeth nanak go'taso'tatsethp' o' rromoen,ago'tasñatheñ ñeth naak go'taso'tatsethpa' o' rromoen,ao'tasñatheñ ñeth nanak go'taso'tatsethpa' o' rromoen,ago'taspatheñ ñeth nanak go'tqaso'tatsethpa' i' rrooen
ago'tasñatheshe'mañ ñeth nanak go'taso'tatsethpa' o' serren,ago'tasñatheshe'mañ ñetgh nanajk go'taso'tatsethpa' o' serren,ago'tasñathehe'mañ ñeth nanak go'taso'tatsethpa' o' seren,ago'tasñatheshe'mañ ñth nahak go'taso'ftatsethpa' o' serren,ago'tasñatheshe'mañ ñsth nanak go'taso'tatsethpa' o' serrrn,ago'tasñatheshe'mañ ñeth nanak go'taso'tatethpa' o' xerren
akan poka'ñoth allo enán thokóth ñamha pa'namen oth,akn pka'ñoth alllo snán thokóth ñamha pa'namen oh,akan poka'ñoth aplo nán thokótyh ñamha pa'namen otb,akqn poka'ñoth allo enán thokóth ñamha pa'nmen oth,aksan poka'ñoth alpo eán thokóth ñakha pa'namen loth,akan poka'ñoth allo enán thokóth ñamha pa'hnamen oth
akan poka'ñoth allo enenan thokoth ñamha pa'namen oth,akan poka'ñoth allo nenan thñkoth ñamja pw'namen oth,aan poka'ñoth llo senenan tghokoth ñamhxa pa'namen orh,aan poka'ñkoth alo enenan thpkoth ñamha pa'namen ith,akan poka'ñoth alll enensn thokoth ñamha pa'namen oth,akan poka'ñoth allo enejan thokioth ñmha pa'nmen oth
akayabe akayabe moetsamoenano koshthe ñétho'maroña attho osecharetamoen époet pomhreneñ amach attha phokshatsto ñanem ñerra'm amá pechena' ñéth pemnen,akyabe akqyabe moetsamoenano koshhe ñétho'maroña agttho osecharetamoen épiet pomhreneñ amach attha phkokshatsto ñanem ñerra'm amá pechena' ñéth pemmnen,zakayabe akayabwe moetsamoenano koshthe ñétho'mzaroña attho osecharetamoen époet pombhreneñ amacu attha phokshatsto ñanem ñerrwa'm amá pecena' ñétth pemnen,akqayabe akayavbe moetsamoeano kishthe ñétho'maroña attuho osechaetamoen époet pomjreneñ amach ttha phokxhatsto ññanem ñerra'm amá pchena' ñéth opemnen,amayabe akwyabe moetsamoenano koshthe ñétho'maroña atrho oseharetamoen époet pomhreneñ amach ttha phokshatsto ñanem ñerra'm amá pechena' ñéth pemnen,akayagbe akayabe moetsamoenano koshthe ñétho'maroña atho oecharetamoen éoet pomhreneñ amach attha phokshatxto ññanem perra'm amá pechena' ñéth pwmnen
akayabee awo' shora'nem patso e'ñepa'to'ch kankaphthe' tsácheph awepa'to' alla rromos,akayabee awo' shora'nm ñatso e'ñepa'to'ch kankaphthe' tsácheph adwepa'to' alla rromos,akayabee awo' shofa'nem patso e'ñepa'to'ch kankaphthe' tsáxcheph awepa't' alla rromos,akayabee awo' zhora'nem patsi e'ñepa'to'ch kankphthe' tsácbeph awepa'to' alla rromos,qkayabee awo' shora'ne patso e'ñepa'to'ch kankaphthe' tsácheph awepa'to' alpla rromos,akayabbee awo' shora'nem pagso e'ñepa'to'ch kakaphthe' tsácheph awepa'to' ala rrlomos
akayabeee posho'llpa' nanako' yoren awo' xhore'tan allowen berroxhno atthoch partatsechet ma'yarr,akxyabeee poshoo'llpa' nanako' yoren awo' xhore'tsan allowen berrkoxhno atthoch partatsechet ma'uyarr,akqayabeee pkosho'llpa' nanako' yoren ao' xhore'tan aallowen berroxhn atthoch partatsedhet ma'yar,akayabseee posho'llpa' nanako' yooren awo' xhore'tan allowen berroxhno atthoch partaftsechet ma'garr,akayabeee posho'lpa' nanalo' yoren awo' xhore'tan aloowen berroxhno atthoch partatsechet ma'yarr,aayabeee posho'llpa' nanako' yorren aqwo' xhore'tan alloawen berroxhno atthoch prtatsechet ma'yarr
akayaweee allowen berroxhnopa' máchayothepa'toch waxha'tet atthoch partatse'chet ma'yarr awo' wapatyeset pareshe'mats allempoña matsoñsanatpa' awo' o'yshema awo'xho ma' allempoña posho'll époet ro'këphpa' awo' alla kowampset ma'yarr all moen,akayaweee allowen berroxhnopa' máchayothepa'tocy waxha'tet atthoch partatse'cht mwa'yarr awo' waatyeset pareshe'mats allempoña matsoñsanatpa' swo' o'yshema awo'xho ma' allempoñ posbho'll époet ro'këphoa' awo' alla kowampsegt ma'yarr all men,aayaweee alowen berroxhnopa' máchayothepa'toch waxha'teg atrhoch partatse'chet ma'yarr ao' eapatyeset pareshe'mats allekpoña matsoñsanatña' awo' o'yshema awo'xho ma' allemñpoña posho'll épñet ro'këphña' awo' alla lowampset ma'yarr all moen,akayaweee allowen berroxhnopa' máchayothepa'toch waxha'tet atthoch partatse'chet ma'yarr awo' wapatyeset parwshe'mats allempoña matsoñsanatpa' ao' o'yshea awpo'xho ma' allempoñw posho'll éoet fo'këphpa' awñ' salla kpwampset ma'yarr all moen,akayaweee alloswen berroxhnopa' máchsayothepa'toch waxxha'tet atthoch partatse'chet ma'ysarr awo' wapatyeset pareeshe'mats allempoña matsoñanatpa' aqo' o'yshema awo'xho ma' alllempoña posho'll épowet ro'këpha' awo' alla kowampset ma'yzrr all moen,akyaweee allowen beerroxhnopa' máchayothepa'toch waxha'teet attgoch parttse'chet ma'yar awo' wapatyesey pareshe'mats allempoña matsoñsanatpa' awo' o'yshema awlo'xho ma' allempoña poho'll époet ro'këphpa' awñ' alola kowampet ma'yar all moe
a'kereñets,a'kereñets,a'kereñets,a'kfreñets,a'kdreñets,a'kefeñets
a'kllatañ ñeth a'kllatene' tsachexhno berroxhno amat namha akllaraña,a'kllatañ ñth a'kllatene' tsachexhno berroxhmno amat namh akllaraña,a'kllatañ ñeth a'kllatene' teachexhno bberroxhno aat nanmha akllaraña,a'kllatañ ñeth a'kolatene' tsachexhn berrohno amt namha akllarña,a'kloatañ ñetnh s'kllatene' tsachexgno berroxno amayt nsmha akllaraña,xa'kllatañ ñeth a'kllatenfe' tsachexhno berroxhno amat naamha akllaraña
a'kmañ ñeth nanak a'kmoets,a'kmxañ ñetu nana xa'kmoets,a'kjañ ñeth hanak aa'kmoets,a'kmañ ñeth nzanak a'moets,a'kmañ ñeth nansk a'kmoets,a'kmañ ñet nanqak a'kmosts
akñe'thteñets,akpñe'thteñets,akñe'thteñets,akñe'thteñets,akñe'thteñets,akñe'thteñets
ako ako sokwa' pañ chellempa' poema'yoreñ mata atthoch moetsenana shecheph ñéth kellka,ako ajko sokwa' pañ chellempa' poema'oreñ mata atthoch moetsenana shevcheph ñéth kellka,ako ako sokwa' pañ chellempa' poema'yorñ mata atthoch moetsenana hecheph péth kllka,amko wako skwa' pañ chellempa' poema'yoreñ mat atthoch mkoetsenana shecheph ñétuh kellk,ako ak sokwa' pal chellempa' poema'yoreñ mata wtthoch moetsenanna shechepy ñéth kepllka,zko ako sokwa' pñ chellempx' poema'yoreññ matxa attjoch moetsnana sheheph ñéth kellka
a'koñchateñets,a'kpñchateñets,a'koñchateñets,a'moñchateñets,a'koñchateñets,a'koñchateñets
a'koñeneph,a'kopñeneph,a'koñeneph,a'koñeneph,a'koñenepph,a'kñeneph
akophach ñanom yañema'tyes allempo o'ch yeñorayesa all yañema'ten,akophach ñaom yañema'tyes allempo o'ch yeñrayesa all yañema'ten,akphach ñanom yañema'tyes allemp o'ch yeñorayesa all yañema'rten,akophach ñanom yañfma'tyes allempo o'ch yñorayesa all yañema'ten,akophach ñanom yapñema'tyes allemñpo o'ch yeñorayesa all yañema'ten,akohach ñanom yañema'tyes alempo o'cbh yreñorayesa all yañema'tej
akophach yañema'ten,akophach yañem'ten,akophacnh yañemxa'ten,akophach yañema'ten,akophach yañema'ten,akophach yañema'ten
akophach yañema'tyes,akophach yañema'tyes,akophach yañema'tyes,akophach añema'tyes,akophach yañema'tyes,akophxch yañema'tyes
a'koshach shónte' a'bellen,a'koshach shónte' a'belpen,'koshach shónge' a'belldn,a'koxhach shónte' a'bellen,a'koshach shóte' a'bellen,a'koshach shónte' a'bellfn
akowentenan llollo pokashe'm nomeke'llomho,akowentenan llollo pokkashe'm nomeke'llomho,akowetenan llolplo pokasye'm nomeke'llomho,akowentenan llollo pokashe' nomeke'llomho,akowentenan llollo pokashe'm nomeke'llomho,akowentenan llollo pokashe'k nomeke'llojho
a'kowenteñet,a'kowenteñet,a'kowenteñe,a'kowenteñet,a'kowenteñet,'kowenteñet
akran tso't okallemh manopamp yaneshllomh pakllomh the'pa' pekellkë' pa'tatsmeto errponthe' pa'namen xhop shontanom ranto,akran to't okallemh manopamp yaneshllomh pakllomh the'pa' pekellkë' pa'tatsmto errponthe' pa'namen xop shontanom ranto,akra tso'tt okallemh manoamp yaneshllomh pakllomh the'pa' pekelkë' pa'tatsmeto egrponthe' pa'namen xhop shontanpm rantko,akran tso't okallemh manopamñp yaheshllomh pakllonmh the'pa' pekellkë' pa'tagsmeto errponthe' pa'name hop shontanm ranyo,akran rtso't okallemh mabopamp yaneshllomh pakllomh the'pa' pekellë' pa'atsmeto errponthe' a'namen xhop shontaniom anto,akran ytso't okallemu manopamp yaneshllomh pakllomh fhe'pa' pekellmë' pa'tatsmetpo errponhhe' pa'namen zxhop shonanom rato
akreñets,akreñefts,akreñsts,akreñets,akreñetss,akreñets
al abe'thach,a abe'thach,l abe'thach,al abe'thach,al abe'thach,l abe'thach
alalala amach seya'na'tache sachor,alalala amach seya'na'tache sachor,alalalla amach seya'na'tsache sachor,alalala qamach deya'na'tache sacho,alalala amach seya'na'tache sachor,alalala amach seya'na'tache sachor
alalala amach seya'natache sachor werrach tsapath,aolalala zamach seya'natache sachor werach tsapath,alalala xmach seya'natache sachor wrrrach tsxpath,aplalala amac seya'natache saxhor werrach tapath,alalal amch seya'bnatache sachofr werrach tsapatjh,alaolala amach seyqa'natache sachor werrqach tsapatjh
alalala amach seya'na'tache sachor werrach tsapáth,alaala amach seya'na'tache saxhor werrach tsapátu,alalala amah seya'na'tacne sacnor werdach tsapáty,alalala amch seya'n'tache sachor werrach tsapáth,alzlala wamach seya'na'tache sahor wererach tsapáh,alalalla amaxch seya'na'tadche sachor werracch tsapárth
alalala atethwaña pepapar ñerra'm na alalala,alalala atetnhwaña pdepapar ñerrq'm nxa zlalala,alalala atdthwaña pepapar ñerra'mm n alalala,alaala atethwaña pepapar ñerra'm na alalala,alalala atethwaña pepapar ñerra'm na alalala,alalala atetwaña pepapar ñrra'm ja alalala
alalala the'pa' o'ch nepenklla'terrnas sachor atthoch wena,aolalala the'pa' o'ch nepenklla'terrnas sacyor atgthoch wea,allalala he'pa' po'ch nepenklla'terrnaas achor atthoch wenq,allalala the'pa' o'ch nepenkloa'terrnas sadchor atthoch wna,alalala the'pa' o'cg nepenklla'terrnas sachor atthoch wena,alalala the'pqa' o'ch nepenkpla'terrnas schor atthoch wena
algo atsáma'tña,algo atsáma'tña,aogo atsáma'tña,algo atsáma'tñ,algo atsáma'tña,alhgo atsáma'tña
algo sellasellpa' ñá a'tapaterre' yompor poe'ntañ sém,algo sellasellpa' á a'tapaterre' yompor poe'nta sém,apgo sellasllpa' á a'tapaterre' yiompor poe'ntqañ sé,ago sellasellpa' ñá a'tapaterre' yompor poe'nntañ sém,algo sellasellpa' ñá a'tapatere' yompof oe'ntañ sém,alg sellasellpa' ñá a'tapatrre' yomor poe'ntañ ém
algo shomoellta'pe,alg shomofellta'pe,algo shomoeellta'pe,algo shomoella'pe,alglo shomoellta'pe,lgo shomoellta'pe
allach a'poena anetso,allach a'poena aneso,allch a'poena anetso,allach a'poena anetso,allach a'poena anetso,allach a'ploena antso
allach kowé o'ch pót,allach kowé po'ch pót,allachh koewé o'ch pót,allach kowé 'ch opót,allach kiwé o'cjh pót,allach lowé o'ch pót
allach pha'pa añé patsro,allah pha'pa añé patstro,allach oha'pa añé patsro,allach pha'pa añé patsro,apllach pha'pa añé patsro,alach pha'pa añé patsro
allach sa'pa' arrma napa' o'ch neporena' komon cheshatholleshañapa' allo' a'poet awo' allerren ñéth nanak koñe'thshempa' allo'ch a'phthoterrane'th pa'monasheñ ta'm werrach apá attheñapa' awo'xho tsapoen,qallach sa'pa' arra napa' o'cuh neporen' komon cheshatholleshañapa' aloo' a'poet awwo' allerren ñéth nanzak kñoñe'thshempa' allo'ch a'phthoterrane'th pa'monasheñ ta'm wsrrach apá attheñapa' awo'sho tsapoen,allach sa'pa' arrma napa' o'ch neporena' koon fheshatholleshañapa' allk' a'poet aeo' allerren ñéth nanak koñe'thshepa' allo'ch a'phthñoterrane'th pa'monsheñ tqa'm serrach alpá attheñapa' awo'xho tsapoen,allach sa'pa' arrma naopa' o'ch neporena' kmon cheshathollexshañapa' allo' a'pet awo' allerren éth nanak koñe'thxhempa' allo'ch a'phthoterranfe'th pa'monasheñ ta' werrach apá attheñwapa' awo'xho tsapon,xallach sa'pa' arrma napa' p'ch nepodena' koon cheshatholleshañapa' allo' a'poet qawo' allerren ñéth anak koñe'thshempa' allo'ch a'phthotfrrane'th pa'monaseñ ta'm werrach apá attheñapa' aso'xho tsapoen,allach sa'pqa' arrma napa' o'ch neporen' komon cheshatholleshañapa' allo' a'poet awo' xallerren ñéth nahak koñe'thsempa' allo'ch a'phthoterrsane'th ña'monasheñ ta'km werrach apá attheñapa' qawo'xho sapoen
all agapoñet po'yethaña ya'netser na'yeset pa'namen chorra'poets,all gapoñet po'yethaña ya'netser n'yeset pa'namen chorra'poets,all agapoñet po'yethaña ya'netser na'yest pa'namen chorra'poets,ll agapoñe po'yethaña yqa'netser na'yesert pa'najmen chñorra'poets,all agzapoñet po'yethaña ya'netser na'yeset oa'namen chlorra'poets,sll agapoñet po'yethaña ya'metser na'yesef pa'namen chorra'pets
allaka' yarepenya a'penrrot yarepen yamoe keñyawe keñyawe keñyawe,allaka' yarepenya a'penrrot yarepen yamoe keñyawe keñyawe keñyzawe,aplaka' yarepenya a'penrroot arepen yamoee keñyawe keñyawe keñyaw,allaka' yarepenya a'penrrot yarpen yamñoe keñyawe keñyawe keñhyawe,allaka' yarepenya a'penrrot yarpen yamoe ikeñyawe kdñyawe keñyawe,allaka' yareenya a'enrrot yarepen yamoe keñyawe keñyawe keñyawe
allaka' yarepenya 'penrrot yarepenyamoe keñyawe keñyawe keñyawe,allaka' yarepenya 'penrrot yarepenyamoe keñyawe keñyawd keñyawe,allala' yarepenya 'penrrot yarepenyamoe keñyawe keñyawe keñyawe,allaka' yarepenya 'penrrlt yrepenyamoe keñyawe ksñyawe keñyawe,alpaka' yarepenya 'penrrot yarepnyamoe keñyawe keñyawe keñyawfe,allaka' yarepenya 'penrrot yarepenyamo keñyawe keñyawe keñyawe
alla ma'psheñtet atthoch máporr,alla ma'sheñtet attoch máporrr,alla ma'lpsheñtet tthoch máporr,alla ma'psheñtet athoch máñporr,qalla ma'peheñtet athoch máporr,alla ma'psheñtet ahtthoch máporr
all ama'ten allcha' nan pochoyor,all ama'ten alldcha' nan poxchoyor,apl ama'tej allcja' nan poochoyor,all ama'ten allcha' nan pochoyor,sall ama'ten allcha' nan pochoyot,alll ama'ten allcha' nan pochoyor
all ama'ten tasoll al tapoen pa'me,all aa'ten tasloll a tapoe pa'mse,al ama'ten tasoll l twapoen pa'me,wll ama'ten tasoll al tapoen a'me,all ama'tren tasopll apl tapoe pa'me,all ama'ten tasoll ao tapoen pa'ne
all ama xheno atsne' ñamha was,all amwa xheno atse' ñamjha ws,wall ama xheno atsne' ñamuha was,all ma xueno atsne' ñamh was,all ama xheo atsne' ñamha was,alpl ama xhenp atsne' amha waq
allame'ttsa serrpare'tenetpa esempoña bhaxhayo'tsenetpa' o'ch thaya a'rrápa'tonet neklle' atthoch nexhore'tanet pamo'ts,allame'ttsa serpare'tenetpa esempoña bhaxhayo'tsenetpa' o'ch thaya a'rrápa'tonet nweklle' atthkch nexhore'tanet pamo'tws,allame'ttsa serrpare'tenetpa esempopña bhaxhqyo'tsenetpa' ko'ch thayw a'rrápa'tonet nekklle' atthoch nexhore'tanet pamo'tzs,allame'ttsqa serrpare'tenetpa esempoña bhaxhayo'tsenetpa' o'c thya a'rráp'tonet neklle' atthoch nexhorfe'tanet pamo'ts,allame'tts serrpare'tentpa esempoña hhaxhayo'tsenetpa' o'ch haya a'rrápa'tonet neklle' atthoc nexhore'tanet pamo'ts,allame'tysa serrpare'tenetpa esempoña bhaxhayo'tsenetpa' o'ch thayza a'rrápa'tonet neklle' atthoch nexhore'tanet pamo'tw
allame'ttso eñosamen watrotro allempoña poepañerpa' ot,allame'ttslo eñosamfen watrotro alolempoña poepañerpa' ot,aollame'ttso eñosamfn watrotrko allempoña poepañerlpa' ot,allame'ttso eñosamen wtrotro allempoña oepañerpa' t,allame'tso eñoamen watrotro allempoña poepañerpa' ot,allame'ttso eñosqamen watrtro allemoña poepañerpa' ot
all amha'ten allcha' nan pochoyor,all amha'ten allcha' naan pochoyor,all amha'ten allcha' nan pochñoyor,all amha'ten allcha' nan pochoyor,aall amha'ten allch' nan pocoyor,all amha'ten allcha' nan pochogor
all amhratenet pokollaxhno allapatserr,wll amhratenet pokollaxhno allapatserr,all amhratenet pokolladhno qallapatserr,all amhratsenet pokollaxhno allapatserr,all amhratenet pokollaxhno allapatserr,alll ahratenet pokollaxhn allapatserr
all amre'tenetpa' pa'namenoch nare'tyenet tharraña koñethach penet pámoer o'ch moetsetpa' attho'ch shallemmotho'tyeñet ñamha tamechenet eshkënoch amá emhcha'teneto berroxhno,xll amr'tenetpa' pa'namenoch nare'tyenet tharraña koñethach peet pámoer o'ch moetsrtpa' attho'chh shallemmotho'tyeñef ñamha tamecheneft eshkënich amá emhcha'trneto berroxhno,all amre'tenetpa' pa'namench nare'tjenet tharraña koñeethach penrt pákoer o'cch moetsetpa' attho'ch shallemmotho'tyeñet ñwmha tamechenet eshkkënoch amá emhcha'teneto berroxhno,all amre'tenetpa' pa'amenoch nare'tyenet tharrapa moñethach penet opámoer o'ch moetsetpa' attho'ch shallemmoto'tyeñet ñammha htamechenet eshkënoc amá emhcha'teneto berroxhno,all amre'tenetpa' pa'amenoch nare'tyenet tharraña koñethach pnet pámoer o'ch moetsetpa' atyho'ch shallemmotho'tyeñet pñamha tamechenet shkënoch amá emhcha'teneto beroxhno,all amre'teneta' pa'jnamenoch nare'htyenet tharraña lkoñethach penet pámoer ño'ch moetsehpa' attho'ch shallemmotho'tyeñet pamha tamechenet eshkënoch amá emhcha'teneto berrohno
allanach,allanach,allanach,allanzach,aplanach,allansach
alla na'ñemate'rrer atthó o'ch nakowentach neserrparña,alla na'ññemate'rrer atthó o'fh nakowentch neserrparña,alla na'ñemate'rrer athó o'ch nakowentach neserrparñ,aolla na'ñemate'rrer atthó o'c nakowentach neserrparña,lla na'ñemate'rrer atthó 'ch nakowentach neserrparña,allla ma'ñemate'rrer atthó o'ch nakowenach neserrparña
all anen kornesha' korsoch,all anemn kofnesha' korsoch,all anen kornesha' korsoch,all anen kornesh' korsoch,alpl anen kornfsha' korsoch,alll znen kornesha' korsoch
all añ momoe' allame'ttso'tsen eñóteñtsopawo,all añ momke' allame'ttso'tsen eñóteñtsopaewo,ll añ momoe' allame'tttso'tsen eñóteñtsopawo,all añ momñe' allame'ttso'tsen eñóteñgtsopawo,alp añ momoe' allame'ttso'tsen eñóteñtsopawo,all añ momo' llame'ttso'tsen eñóteñtzsopawo
alla órrterra kellé ñeth chénkatsa,alla órfterra kellé ñeth chénkatsa,alla órrterra kellé ñeth chénkats,alla órrterra kwllé ññeth chénkatsa,ala órrterra kellé ñet chénkatsa,alla órrterra kllé ñet chénkatsa
alla phañema'ter allothpa' phakowenter,alla phañema'ter allothpa' phakowenrer,aloa phañema'ter llothpa' phakowenter,alla phaema'ter allothpa' phakowentser,lla phañema'ter allothp' phakoweter,alla phañma'ter aloothpa' phakowsenter
alla pha'ñema'terrerr pekllek atthóthpa' phakowentater ñethómar thépa' phokwe,zalla pha'ñema'terrerr peklplek atthóthpa' phaowentater ñethómar thépa' phokwe,alla pha'ñema'terrerr pekllek atthóthpa' phakowentater ñethómar thépa' pbokwe,alla pha'ñema'terrerr pekllfk atthóthp' pakowentater lethómar thélpa' phokw,xlla pha'ñema'terrerr pekllek atthótpa' phakowebntater ñethómar thépa' phokwe,alla pba'ñema'terrerr pelkllek atthórhpa' phakowentater ñethómar thépa' phokww
all aphthotnet ñamha all anapoenet eñóteñets,ll aphthotnet ññamha wall anapoenet eñóteñets,al aphthotnet ñamha aol anapoenet eñóteñets,all aphthotnet ñamh all anapoenet eñóteñets,xll aphthotneh ñmha alll anapodnet eñóteñes,al aphthotnet ñamh all anapoenet fñóteñets
all apxhena shóntena mapoe' apxhareth,all apxhena ahóntena mapoe' apxhareth,all apxhenqa shóntena mspoe' apxhareth,all zpxhena shóntena mapoe' apxhareth,al spxhena shóntea kmapoe' apxhareth,al apxhena shóntena mapoe' apxhareth
all apxhenet pa'namen kakaxhno,all apxhenet pa'namdn kakaxhno,all apzhenet pa'namen kakaxhno,ll spxhenet pa'namsn kakaxjno,all apxhrenet pa'namen kzakaxhno,all apxhejnet pa'namemn kaakaxhno
all apxhenetpa' nanak moétsoñentenet,al apxhenetpa' nanaik moétsoñentenet,all aapxhenetpa' bnanak moétsoñentenet,al apxhenetpa' nanak joétsoñentenet,al axhenetpa' nanak moétsoñentenet,all apxhenetpa' anak moétsoñentenet
all apxheñtso apoktateñet ñamha kellkënet é'pa eñotatyeñets ñethcha otyeset allcha apxha cheshanesha ateth ñerra'm,zll apxheñts apoktateñet ñamha kellkënet é'pw eñotatyeñets ñethcha otyweset allca apzxha cheshanesha ateth ñerra'm,all apxheñtxo apomtateñet ñamha kellkënet é'pa eñotatyeñets ñethchx otyeset xallcha apxha cheshanesha aeth ñerra'm,aoll apxheñtso apoktsateñet ñamha kellkënt é'pa ñotatyeñets ñethcha otyeset allchq apxha cheshaneha ateth ñerra',all apxheñto apoktateñrt ñamhxa kellkëne é'pa eñotatyeñets ñethcha otyeset llcha spxha fcheshanesha ateh ñera'm,alpl apxheñtso apokateñet ñamha kellkënret é'pa eñotatyeñdets lethcha otyeset allcha apxha cheshanesha wteth ñerra'km
all apxheñtso apoktateñet ñamha kellkënet épa eñotatyeñets ñethcha' otyeset allcha' apxha cheshanesha ateth ñerra'm,ll apxheñtso apoktateñet ñamhza kellkënet épa eñtatyeñets ñethcha' otyreset allcha' apxha cheshanesha ateth ñrerra'm,all apxhreñtso apkoktateñet ñamha kelloënet épa eñotatyeñet lethcha' otyeseh allcha' añpxha cheshanesa ateth ñerra'm,all apxheñtso apoktateñet ñamha kellkënet éa eñoytatyeñets ñethcha' otyfeset allcha' apxha cheshanesha atrth ñerra',al zapxheñtso apokateñet ñamha kellkënett épa eñotatyeñets ñethcha' otyeset allha' apxha cheshanesha ateth ñerra'm,all apxheñtso apoktatñet ñamha kellkënet épa eñotatyeñets ñethcha' otgeset alcha' apxha cheshanesha ategth ñerra'm
allarach yamata'theñ arrapoxhno,allarach yamata'theñ arrapoxhno,allarach yamata'theñ aerapoxhno,aloarach yamata'thel arrapoxhnlo,alarach yamata'theñ arrapoxhno,allarach tamata'theñ arrapoxuno
all arrorothopa' all eshotena jo,all arrorothopa' all eshotna jo,all arrorotthopa' all eshotena jo,alll arrorothopa' all eshotdena jo,all arrorothopa' all eshotena ujo,all arrorothopa' all eshotena j
allásmarerr,alásmarerr,aplásmarerr,allásmarerr,allásmarerr,allásmarerr
all asollesopa' themettsowañeñ allotsen mapoe ñéth otenet pokonañemh,all asollesopa' themettsowapeñ allotsen mapoe ñéth otenet pokonaañemh,all asollesopa' themettsowxñeñ alotsen maopoe ñéth otenet pokonañemh,all asollesopa' themettsowañeñ allotsen mapoe ñéth otenet pokonqñemh,all asillesopa' themettsowañrñ allotsen mapoe ñéth otenet polonañemh,alp asollesopa' themetgtsowañeñ allotsen mapoe ñéth otehet pokonañemh
alla some'terrer mamekpa yoreñ allempopa' o'ch alla sererr,alla some'terrer maekpa yoreñ allempopa' o'ch alla ererr,zalla some'terrer mamekkpa yorreñ allempopa' o'ch lla seererr,alla some'terrer mamekpa yoreñ allempopa' o'h alla sererr,alla some'terrer mamekpa yoreñ allemppopa' o'ch alla sererr,alla some'terrer mamekpa yoreñ allempoñpa' o'vh ala sererr
alla' tho'm moecheth eshkënoch chomhpa' o'ch met eñe paxharr attho'ch amá axhanme,alla' thlo'm moeheth eshkënoch chomhpa' o'ch met ee paxharr attho'ch amá achanme,alla' tho'm moecheth ehkënoch chomhpa' o'ch met eñe paxnarr artho'ch amá axhanme,alla' to'm mloecheth eshkënoch chomhpa' o'ch me ele pqxharr attho'ch smá axhane,alla' tho'j moecheth eshkënoc comhpa' o'cj mt eñe paxharr attho'ch qamá axhanme,alla' th'm oecheth eshënoch chojhpa' o'ch mwet ele oaxharr attho'ch amá axhannme
allatserrcha' cheporrena,allatsdrrcha' cheporrena,allatserrcha' cheporrena,allatserrcha' cyeporrena,allatserfcha' cheporrena,wllatserrcha' vheporrena
all atthemathtena popoñechen thoreteñets atthoch es yeyexhkaten,all ztthemathtena popoñeechen thoreteñets atthoch es yeyexhkate,all atthemathtena popoñechen thoreteñets qatthoch es yeyexhkaten,all atthematthtena popopechen thoreteñets atthoch s yeyexhkaen,all atthemathtena popoñefchen thoreteñets atthoch es yeyexhkaten,alll atthemathtena popñechen thoreteñts atthoch es yeyexhkaten
alla yañema'terrerr serrpare'teñets allempo o'ch a,alla yañemwa'terrerr serrpare'teñets allempo o'ch a,alla yañem'terrerr serrpare'teñets allsmpo o'ch w,ala yñema'terrerr serrpare'teñetws allempo o'ch ,alla yañea'terrerr serrpare'teñets allempo o'ch aa,alla yañrema'terrerr serrpar'teñets allempo 'ch a
allcha' chechan pa'sme'll alloch a'npoenan wás,allcha' chechqan pa'sme'll alloc a'npoean ás,allcha' chechxan pa'sme'll alloxch a'npoenzan wás,sllcha' chechan pa'sm'll alloch a'npoenan wás,allcha' cheechan pa'sme'll alloc a'npoenan wás,allcha' chechan pa'me'll alloch a'npoenan wáxs
allchaña eñotateñet poechemeresha atethcha' korre't atthoch eñech eñwenet,allchapa eñotateñet poechemerwesha atehcha' krre't athoch eech eñwenert,allchaña eñotateñet poechemerdesha atethcha' korre't athoch eñech eñwenet,allchaña eñotateñet poechemeresha atrethcha' korre't artthoch eñech eñwene,allchaña eñotateñet poechemeeresha atethcha' orre't atthoch eñfech fñwenet,allchaña eñotateñet poechmeresha atethcha' korre't atthpch eñech eñwenet
allcha'ña ñanem yaparra tsachllom atthoch e'ñe kowen kamrechares,allxha'ña ñanem yaparra tsachlliom atthoch 'ñe kowen kamrrchares,allcha'ña ñanem yaparra tsachllom atthoch e'ñe kowen kaamrechares,allchza'ña ñamnem yaprra tsachllom atthoch e'ñe koen kamrehares,allcha'ña ñanem yaarra tsachllom atthoh e'ñe kwen kamrechares,allcha'ña ñandem yaparr tsachllom atthoh e'ñe kowen kamrecharews
allcha' otenet ñeth kothapechenet ñamha ñeth llekatenawet poesheñatets,allha' otenet ñehh kothapechene ññamha ñetj llekatenwet poesheñatets,allchq' otenet ñeth kothapecheneft ñamha ñeth llekatenawet poesheñatets,allcha' otnet ñeth kothapechent ñamha ñetjh llekatenawet poesheñatets,allcha' oteet ñeth kothapechenet ñamha ñeth llekatenawet poesheñatets,llcha' otenet ñeth kpthapechenet ñamha ñdeth llekatenawet poesheñatets
allcha' péna'yes a'phtho't ñamha yorexh,alldha' péna'yes a'phtbo't ñamhs yorech,allcha' péna'yes a'phtho't ñamha yorexh,allha' péna'hyes a'phtho't ñamha yorxh,allcha' péna'yes a'phtho't ñamha yorexh,allfcha' péna'yes a'phtho't ñamha yorexh
allcha' pétsotsa x errathe' e'ñe poktena,allcha' pésotsa  errathe' e'ñe potena,allcha' pértsotsa x errathre' e'ñe poktebna,alcha' pétsotsa x errwathe' e'ñd oktena,allcha' pétsotsa x errathe' e'ñe poktena,allcha' pétsotsa  errxathe' e'ñe pokhena
allcha' poexhayenetña atarwasañ amachkayeña pekllatsto xhochkaye petarwaserr phachporrerraña womenk,allcnha' poexhayenerña atrwasañ amachkayeña pekllahtsto xjochkaye petarwasert phacbporrerraña womenk,alllcha' poexhayenetña atarwasañ amchkayeña pekllatsto xhochkaywe petarwsaserr phachporrerraña womenk,llcha' poexhayenetña atarewasañ amachkayeña pkllatsto xhochkaye petarwasegr phachporrerrañq womeno,allcha' poexhayejetña atarwasañ amachkayeña pekllatsto xhochkaaye petarwasdrr phachporrerraña women,llcha' poexhayenetña atarwasañ amachkayeña pekllahtsto xhochkaye petarwaserr phachporrerraña womenk
allcha' yematyeset ñeth achpatet tharromar o'ch otenet esempo o'ch nachenkaterr nepoerpa phathe nápoerre ñethomaroña yematannenet,alcha' yematyeset ñeth achpatet tharrromar o'ch otenet esfempo o'ch nachenkaterr nepioerpa pyathe nápoerte ñethomaroñ yematanneet,allcha' yematyeset ñetg afhpatet tharromar o'ch otenet esempo o'ch nachenkaterr nepoerpa pjathe nápoderre ñethomafroña yematannnet,allcha' yeatyeset ñeth achpaet tharomar o'cyh otenegt eempo o'ch nachenkaterr nepoerpa lhathe náperre ñethommaroña yematannenet,allcha' yematyeset ñeth achpatet tharromar o'cy otenet esempo o'ch nachenkatefr nepoerpa phathfe nápoerrre ñethomaroña yematannenet,allcha' yematyeset ñeth achpatt tharromar o'ch ottenet esempo o'ch nachenaterr nepoerpa phathe nápoerre ñethomaroña yemstannenet
allcha yenare't yesherbeso't popoñ charo,alcha yenare't yesherbeso't popoñ cbharo,allcha yenare'y yesherbeso't ppoñ chao,allcja yenare'ft yrsherbeso't opoñ chatro,alcha enare't yesherbeso't popoñ chafo,xllcha yyenare't yesherbeso't ñopoñ charñ
allcha' yexhatanet thaye't ama awerra' po'poñ anetso,allcha' yexhatanet thaye't amxa awerrz' po'poñ aneteso,allcha' yexhatanet haye't aka awwrra' po'poñ ajetso,allcha' yexhatanfet thaye't amx aerra' po'poñ anetso,xllcha' yexatanet thaye't ama awserra' po'poñ aneto,allcha' yexuatanet thaye't amqa awerrs' po'poñ anetso
all chopoen poerrarmexhnopa' pokteña o'ch yekwamper atthoch yáshotayen,al chopoen poerrarmexhnopa' pkteña o'ch yekwamper atthoch yáshotayen,al chopoen poerrarmexhnopa' pokteña o'ch yekwamper atthovh yáshotayen,all chopen poerrarmexhnopa' pokteña o'ch tekwamper atthoch yáshotayen,al chñpoen poerrarmexhnopa' okteña o'ch yekwamper atthch yáshotayen,all chopoen poerrarmexhnopa' poktea o'ch yekwamper atthñch yáshotaen
