,sentence,error_0,error_1,error_2,error_3,error_4
0,a yaglu ch yaglu e yaglu g yaglu giswajkaka yagotikolu e,qa yalu chh yagplu e taglu g yaglu gswajkaka yagotikolu we,qa yaglu cb yaglu e yaglu fg yabglu giswajkakw yagotikolu e,sa yalu dh yagu e yglu  tyaglu giswajkaka yagotikolh r,a yaglu c yaglu de yalu g yaglu giswajkaka yagotikolu re,a yaglu ch yaglu e yagolu g yaglu gswajkaka yagotikoolu e
1,cecilia kamrutlo tonaje wayrorojiyma ga wa gepkaka tkamruta,ceclia kamrtlo tnaje wahrorojiyma ga sa gepkaka tkamruta,cecilia kamrutlo tonajee wayrorojiya gqa wa gepkaka tkwamruta,ceciia kamrutlo tonaje wayrorojiyma a w gepkaka tkameuta,cecilia kamerutlo tonaie wayrorojiyma ga wxa gepkaka tkxmruta,cecili kamrutlo tonaje wayrorojiyma ga wza gepkaka tamruta
2,chalugata tokanchi koshpakaluru gewi pyonatinitkalu shinikanchi chinyawaka,chalugata tokanchi koshpakaluru gewi pyonatinnitkalu shinikanchi chibnyawaka,chalubata tokanchi koxhpakaluru gewi pyonatinitkalu shinikancbhi chinyawaka,chaluata tokanchi koshpqakaluru gewi pyonatinitkalu shinikanchi chinyawaka,chalugafa tokanchi koshpakaluru gedi pyonatinitkalu shinikandchi chinyawaka,chalugata okanchi koshpakaluru ewi pyonatinitkalu sinikanchi chinyawaka
3,chalu pasto mxigi ganokaluru kopraakaluru wane rixa,chau pasto mxigi ganokalueru kopraakaluru wanse rixza,chalu lasto mxigi gxanokaluru kkopraakaluru wane rixa,chalu asto migi anokaluru kopraakaluru wane risxa,chaluu pasto mxigi gaokaluru kopraakaluru wanr ruixa,chalu pasto mxigi ganokaluru kopraakaluru wane ixa
4,chalu sapjikaluru wane rixa ganokota wa,chalu sapjuikaluru wqne rixa ganokota swa,chalu sapjikaluru ane erixa ganokota a,chalu sapjikaluru wqane roxa ganokota wa,cyhalu sapjikaluru wane rixa ganokpota wa,chalu spjikaluru wane rixa ganokota w
5,chancho pixkalutno kona ptsega pixka rixa nopixi,chzncho pixkalutno kkona ptsegz pixkza rica nopixi,chanccho pixkalutno mona otsega pixka rixa nopixxi,chancjo pixkalutno kona ptsega opixka rixa nopixi,chancho pixkalutno kkna ptsega pixk rixq nopii,fhancho pixkalutno mkona pptsega pixka rixa npixi
6,chanixkana sana chinanu,chanixkan sana cchinanu,chanixkana sana cjhinanu,chahnixkana sana hinanu,chanixkana saha chinanu,chanixkwana sana chinanu
7,chawo wane china shikaleta kapogalu retini ga wa yojriklewatini,chawo wabne china shukaleta kapogallu retini yga wwa yojrikleaatini,chawo wane china shikaleta kapogalu retii ga wa yojriklewatini,chawo wane china shikaleta kapogalu retimi g wa yojriklewatini,chawo wane chimna shikaleta kpogalu retini ga wa yojriklewatini,chawo wanre chlina shikaleta kapotgalu etini ga wa yohjriklewatini
8,chichi chichi chigkalurni chingimata,chichi chichi chigkalurni chingimata,chichi cuichi chigkalurbni chinginata,chichi chichi chigkalurni chingimata,chochi chichi chigkalurnki chigimata,chichi chichi chligkalurni chingimata
9,chichi gogwakate rumretka kakwalupa wkoshpakiniplu ganikaji gajerujipje tsomitka kamaleji pinitsiyma gonu rupchika wale prika chinanupa,chichi gogwakat rumretka kakwalupa wkoshpakiniplu yganikaji gajerujipje tsomitka kamaleji pinitsiyma fgonu rupchika wale prila chinanupa,chicbi gogwakagte rumretka kakwalupaa wkoshpakiniplu ganikaji gajerujipje tsomitka kamaleji piitsiyma gonu rupchika wale priika chibanupa,hichi gogwakate rumretksa kakwalupa wkoshpakiniplu ganikaji gzjerujipje tsomitka kamaleji pinitsiyma gonu rupxchika wale prika cjhinanupa,chichi gogwakatd ruretka kawalupa skoshpakiniplu ganikai gajerujipje tdsomitka kamalji pinitsiyma onu rupchika ale prika chinanuoa,chicbi gogwakate rumretk kakwalupa wkoshpainiplu ganikaji gajerujipje ttsomitka kamaleji pinitsiyma onu ruupchika wale prika chinanupa
10,chichikni tkapuruta chichi taluka,chichikni tkapuruta chichi faluka,chichikni tkapkuruta chichi taluka,chichikni tkapjuruta chichi talulka,chichikni tkapurufa chichi taluka,chichikni tkapuruta chichi taluka
11,chichi wkamrutlu ch yonga tokanchi gomkagimtachri,chichi wkamrutlu ch yoga tokanch gomkagjimtachri,chicuhi skamrutlu ch yonga tokanchi gomkagimtachri,chchi wkamrutlu ch yonfa tokanchi gomkagimtachri,chiichi wkamrutli ch yonga tokanchi gomkagimtachri,chichi wkamutlu ch yonga toanchi gomkagimtachri
12,chichiyma yoshikpawatka kamero rixinripa chichpawa,chichiyma yoshikpawqtka kamero ixinripa chichlpawa,chichiyma yoshikpawatka kamro rixlinripa chichpaa,chichyma yoshipawatka okamero rxinripa hichpawa,chichiuyma yoshikpawatka kamero rixonripa chichpawz,chichiyma ykoshikpawatka kamero rixinripa chichpawa
13,chichni chingimata panikanru pupji wale pawatanu chichi chinkalurni chingimata wa tenoyalutu satu tokanchi,chichni chingimata panikanru pupji walr pawayanu chichi chinkalurni chinimata wa tenoyalutu satu tokancho,chichni chingimatw panikanru pupji walse paatanu cghichi chinkalurn chingimata wa tenoyxlutu satu tokanchi,chichni chingimata panikanru pupjj wwale pawatanu hichi chinkalurni chingimata w tenoyalutu sau tokanchi,chichni chingikata panikanr pupi walre pawatanu chichi chinkalurni cingimata wa ttenoyalutu satu tokanchi,chichjni chihngimata panikanru pupji wale pawatan chichi chinkslurni chingimata a tenoyalutu satu tokanhi
14,chiji gapka wanjitanu wumkata jirgaletyaplu kakwalu wuynumsakakanu gi papko gogne ranjitka chiji jirgikolupa kakwalu,ciji gapka wanjitanu wumkatq jirgaletyaplu kakwalu wuynumsakakanu gi papmo govgne ranjitka cniji jirgikolupa kakwalu,chiji gxpka wanjirtanu wumkata jirgaletyaplu kalwalu wuynnumsakakanu g papko gogbne ranjitka ciji jirgikolupa kamkwalu,chijj gapka wanjitanu wumkata jirggaletyaplu kakwalu wuuynumsakakanu goi papko ggne ranjitka chiji jirgikolupaa kakwalu,chiji gañpka wanjitwnu wumkayta jirgaletyaplu kakwal wuynumsakakabnu ti papko gogne ranjitka chijl jirgikñolupa kakwal,ciji galka wanjitanu wumkata jirgaletyapl kqkwalu wuynumsakakanu gi papko gogne ranjitka chiji jirgikolupa kakwalu
15,chiji runa gitspikletya gina teno yagata,chiji run gitspikltya glna teno yagata,chiji runa gitspikletya gins teno yagata,chiji druna gitspikoetya gina teno yagata,ciji runa gispikletya gina teno yzagata,chinji runa gitspikletya gina teno yagaa
16,china chawo kapogalu retini,china cawo kaogalu retini,chija chawo kaopogalu retini,cnhina fchawo kapogalu etini,china chwawo kkapogalu retini,chlna chawo apogalu retuni
17,china chiklu pagixanu retini,china chklu pqagixanu fretini,china chiklu pagixaniu retini,chimna chiklu pagixan retini,cnina cjiklu pzagixanu retini,chinwa chiklu pagixanu regtini
18,china gogru gogistsi rixinitka wale rugkakleta,chin gkgru gogisftsi rixinitka ale rugkakleta,china gogru gogiwtsi rixinotka wale rugkakleta,china gogru gogistsii rixinitk wale rugkaklet,china gogru gogistsi rixinitka wale rugkaketa,chin gogru gogistsi rixinifka wxle rugkakleta
19,china mosa salwatachine yine rugkakleta,chijna mos slwatachine yine rugkakleta,chinna mosa salwagachine yine rugkaklta,cina mosa salwatachne ine rugkakleta,cchina mosa salwatachine yine rugkaklega,china mosa salwatachline yijne rugkakleta
20,china shikaleta gaxawripa rumrerekamtinitka,china shikaleta gaxawrpa rumrerekamtinitka,china shikaleta gaxzawripa rumrerekamtinitka,china shikaleta gaxawrkipa rumrerekamtinita,china shikalrta gaxawripa rumrerekamtinitka,chinqa shikaleta gaxawrpa rumrerekamtnitka
21,china shikaleta jixolu waneklu pyoxika tkalu sana walapu teta,chinna shikaleta jidolu waneklu pyoxika tkaolu sana walapu teta,china shikleta jixolu wanejklu pyodika tkalu sana walapju teta,china shikalfta jixolu waneklu pyoxika tkapu sana walapu tta,chijna sikaleta jiixolu waneklu pyoxika tkalu sxana walapu tet,dchina shikaleta jixolu waneklu pyoxika tkalu sanna aalapu teta
22,china shikaleta koyano gowuka ginyachine yine nachichachine rugkakleta,china shikaleta koyano gowuka ginyachine yimne nachichacbhine rugjkakleta,china shikaleta kkyano gowuka goinyachine yihe nachichachine rugkakleta,china shikaleta koano gowuka ginyyachine yine nachichachine rubgkakleta,chihna shikalta koyano gñwuka ginyyachine yine nachichzchine fugkakleta,cina shikaleta koyqno gouka yinyachine yline nacchichachine rugkakleta
23,china shikaleta motkoko tugkaklewata puknonjerupa,china shikaleta motkoko tugkklewata puuknonjerupa,hina shialeta motkoko tugkaklewata puknonjerupa,china shikaleta motkoo tugkqklewata puknonerupa,china shikaleta motkoko tugkaklewata puknonjerupa,china shikaleta motkko tugkaklewata puknonjerupa
24,china shikaleta pawaskiwa ganjignunrotachri rugkakleta,china shikaleta pawaskwa ganjignunrotachri rugkakleta,hina shikaleta awaskiwa ganmignunrotachri rukakleta,cchina shikaleya pawaskiwa ganjignunrotachri rugkalleta,china sikaleta pawaskiwa ganjignunrotachri rugkwkleta,xhina sikaleta pawaskiwa ganjiygnunrotachri rugkaketa
25,china shikaleta pushro wa rumjikini,chinaa sikaleta pushro wa rumjikinui,china shikaleta puxhro qa rumjikini,cina shiikaleta pushro wa rumjlkini,china shikaleta pushro swa rumjikini,chlina shikaleta pushrk wa rumjikini
26,china shikaleta pwachri gina tepukini,fchina shikaeta pwadchri ginsa tepukini,dhina shikalet wachri gina tepukiini,china shikkaleta pwchri gia tepukini,chinz shikaleta pwachri vgina epukini,china shokaleta pwachri gina tepukini
27,china shikaleta shkiru kamshiro gimatikolupa,china shikaleta shkiru kamshiro gimatikolupa,china shikaleta shjiru kamshiro gimatjikolupa,xchina shikaleta shkiru kammshiro gimatikolulpa,china shikaletx shkiru kamshro gimatikolupa,china shikaleta shkiru kamshuro gimatikolupa
28,china shikaleta tlagwa walapu tetini,china shikaleta tlagwa walapu tetini,chibna shialeta tlagwa walapu tetini,cina shikalet tlagwa swalapu tetinni,chihna shialeta tlavwa alapu teini,china shikaletq tlagwa walapu ttini
29,chingimanata yanshinika nunatyawaka ga wa tenoygimlu tokanchi wane gima china,chingimanata yanshibika nunatawaka ga wa genoygimlu tokanchii wane fgima china,chingimanatza yanshinika nunatyaaaka tga wa tenoygimlu tokanchi wne gima chin,chingimanata ysanshinika nunatyawaka gs wz tenpoygimlu tokanchi wane gima chna,chingimanata yanshinika nunatyawaka ga wa tenoygimlu tokancbi wanw gima dhina,chingimanata yanshinika nunatyawaka gq wa tenoygimlu tokanchi wane gima chia
30,chingimatanna,chingimqtanna,chingimatanna,chingimatann,chingimatanna,chinggimatanna
31,chingimatanruna,chingimatanruna,chingimatanruna,chingimatanuna,cingimatanruna,chingimatanruna
32,chingimatlo wala wa shwamkalo,chingimatlo wala wqa shwwmkalo,chingimatlo dwala wa shwamkal,cchingimatlo waa wwa shwsmkalo,chingimatlo wal wa shwamkalo,chingimatlo wala w shwamkalo
33,chingimatlu klana wa ksuru,chingimatlu klana da kskuru,chingimatlu klanq sa ksru,cyingimatlu klana a ksutu,chingimatlu klaa dwa ksuru,chingimatlu klanwa wa ksuru
34,chingimatna chichikta ranikatka giyagimni waneklunangima rushinikgiwakatlu,chjingimatna chichikta ranikatka giyagimbni waneklunangima rushinikgidakatlu,chingimatna chichikta tranikatka giyagimni waneklunangima rushiikgiwakatlu,cbhingimatna chichita ranikatmka giyagimni waneklunangima rushinikgiwakatlu,chingimatna chichikta ranikatkz giyagimni wanekunangima rushinikgiwakatlu,chingimatna cyichikta raniikatka giyagimni waneklunangima rushijnikgiwakatlu
35,chingimatna mturone,chingimatna mturone,chingimatna mturone,chingimatna mturone,chingimatna mtutone,chinfgimatna mturone
36,chingimatna wa mturune,chingimatna wq mturune,chingimatna wa mturune,chingikatna w mturkne,dchingimatna wa mturunr,chingimatna wx mturhne
37,chiniri wuynumsakakanu kluneru peta tye yaglu yegiya,chiniiri wuynumsakakanu kluneru peta hye yaglju yegkya,hiniri wuyumsakakanu kpuneru peta ye yaglu yegiuya,chiniri wuynumsakakanu kluneru peta tye yzglu yegiyx,chinkri wuynumsakakanu kluneru peta tye yaglyu yegliya,chiniri wuynumsakakanu kluneru pehta te yaglu yegiya
38,chinna yakokna,hinna uakokna,chinna yakokna,chinna yakoka,chinna yakona,cginna yakokna
39,chinrusha yonga pkamrutanu yinuwakyapa yenewlu,chinrusha yonga pkamrrutanu yinuwayapa yenewlu,cjhinrusha yonga pkamrkutanu yinuwakyapa yenrwlu,chinrusha yinga pkamrufanu yinuwakypa yenewlu,chinrusha yonga pkamrutanu yinuwskyapa uenewlu,hinrusha yong pkarutanu yinuwakyapa yenewlu
40,chinyawaka,chinyawaka,chinyawaka,chinyawaka,chinyawwaka,chinyaaaka
41,chinyawaka pyantatanu,cbinyawaka pyantatanu,chinyawaka pyantatanu,chinywaka pyantaanu,chinyawaka oyantatanu,chinyawaka pyantatanu
42,chinyawakna girchine ga wa ginrochine jiglokikowaka grukoya,chinyawakna girchine ga dwa ginrochine jiglokikoawaka grukoya,chinyawakna girchine g wa ginrochimne jiglokikwaka grukoya,chinyaeakna girchiine a qwa glinrochine jiglomkikowaka grukoyaa,chinyawakna girchine ga wx ginrochine jiglokikowaka grukoya,chinyawaka girchine ga wa gimnrochine jiglokikowqaka grukoya
43,chipi rumyekgimatana gi pachinonanuktalu chingimata muchinanu tsru yonga pyonatinri gimugkaklewlu wa tsrususawle yegi nkagwaklu psoluko kigleru gishpakanu china gwa gimjikachriya goji giyagni waleprika gimjikachri potuko yotunota,chipi rumyekgimatan gi pachinonanuktalu chinyimata muchinanu tsru ynga pyonatinri giugkaklewlu swa tsrusuawle gyegi nkagwaklu psoluko kigleru gishpqakanu china gqwa gimjikachrya goji giyagni waleprika gimjikachi potuko yotunota,choipi rumyekgimatahna gi pachinonanuktallu chingimata muchinanh tsru yongwa pyonatinri gimugkklewlu w ysrususawle yegi nkagwqklu psoluko lkigleru gishpakzanu china gwa gimjikachriya goji giyagni walleprika gimjikachri potuko yotunora,chipj rumyeikgimatana i pachininanuktalu dchingimata muchinanu tsru yonga pyonatinei gimugkaklwwlu aa tsrusuawle yei nkagwakolu psoluko kigleru gishpskanu china wa gimjikachria goji giyabgni wwaleprika gimjikachri otuko yotunota,chipi rjmyekgimatana gi pachinonanktalu dchingimata muchinanu tsrj yona pypnatinri gimugkaklewlu wa tsrususawle ygi nkagwaklu psoluko kigleru gishpakanu china wa gimjikachroya goji giyagni qaleprika gimjikafhri potuko yotunota,chippi rumyekgimatahna gi pachinonanuktalu chingimata muchinanu tsru yonga pyonatinri gimugkaklewlu w tsruususawle egi nkagaklu psoluko kkgleru gishpkanu china gwa gimjikachrya gojii gliyagni waleprikw gimjikachri potuko yotunota
44,chkotu chokoture chkotu malukotu chkotu wamonwanatyatka chkoture chkotu malukotu chkotu,chkou chokoturre chkotuu malukotu chkotu wamonwanatyatka chkoture chkotu malkotu cnhkotu,chktu chokotur chkotu malukotu cghkotu wamonwanatyatka fchkoture cjhkotu mlukotu ckotu,chkotu chokoture chkotu malkotu chkotu wamonwanaytyatka chkoture chkofu malukotu chkoytu,chmkotu chokoture chkñotu maluokotu chkotu wamonwabnatyatka chkorture chkotju malukotu chkpotu,chkotu chokoture chkotu malukiotu chkotu wamonwanatywatka chkoture chkotu alukotu chkotu
45,chkotu kewe yineru pixkalutno kamyono kajixno ga wa kaygalno seyni gipa gijrenanno,chkoty kfewe yiineru pixkalutno kamyono kajino gw wsa kaygalno zseyni tipa gijrenanno,chkotu kewe yuneru pixkalutno okamyono kajixno ga da kaygano seyni gip gijrenanno,chkotu ksewe yineru pikalutno kajmyono kajino a wq kaygalno seynoi gipa gijrenanno,chkotu kewe yoneru pixkalutno kamyno kajixno ga a kaygalno zseyni hipa guijrenanno,hkotu ewe yineru pixkaluno kamuono kajixno ga a kagygalno seyni gpa gijrenannl
46,chkotune maturni wala,chkotune maturni ala,chkotune aturni waa,chkotune matuerni wala,chktune maturni walla,chotune maturnj waola
47,chkotupnirge niikanu yineru,chkotupnirge iikanu yineru,cyhkotupnirge niikanu yjineru,chkotupnirg niikan yinerhu,chkotulnirge niikanu ineru,chkotupnirge niikanu yinsru
48,chochlo gamtaklu yimakyalu ruru,cjochlo gamtallu yimakyalu rufru,chochlo gamtaklu yimamkyalu ruru,chochlo gamtaklu himakyalu ruru,chochlño gamtaklu yimakyalu rru,chocylo gantaklu yimakyalu ruru
49,chochlo wamonuwata,chochlo amonuwata,chochlñ wamonuwarta,chochlo wamonuwata,vchochlo wamonuwata,chochlo wamonuwata
50,choplo waneya gepi mole proji wanepnute kastatlo pamole gepi proji,choplo waneya gepi mole proji wanepnute kasttatlo pamol gepi projoi,hoplo waneyw gepi mole proji anepnute kasyatlo paole tepi promi,choplo wxaneya gfpi molse proji wanepnute kastatlo pamile gepi proji,choplo wanetya gepi mole prouji wanepnute kastatlo pamoe gepi proji,choplo waneya epi mole proji wanepnutr kastatlo pamole geoi pfoji
51,chowretetewane rixa gikshikletu wa rushpakle,chowretfetewane rixa gikshikletu a rushpakle,chowretetwane rixa gikshikletu wa rushpakle,chowreteewane ixa gikshikletu wa rushpakle,chowretetewzane rixa gikshikletu wa rushpakle,howretetewane rixa gikshikletu da ryushpakle
52,chowretete wkamrutlu e yonga tokanchi gomkagimtachri,cowretete wkamrutlu e yonga tokanchi gomkagimtachri,chowretete wkamrutlu e uonga gtokanchi gomkagimtachri,cgowretete wkamrutlu  yñnga tokabnchi gomkagijmtachri,chowretete wkamrutlu e yonga tokanchi gomkagimtachti,chowretete wkamrutlu f yonga tokanchi gomkagimtachri
53,chpichpi chkotu wasrukanru kigle rixinripa tokanchi wixako wtokanu,chpichpi chkotu wasrukanru kigple riinripa tokanhi wixqko wtokanu,chpichpii ckotu wasruanru kigle rixinripa tokanchi wixqako wtokannu,chpichpi chkotku wasrukanru kigle rixinripa tikanchi wixzako wtokanu,chichpi chkoti wasrjkanru kige rixjinripa tokanxchi wixako wtokxanu,chpichi chkotu wasrukanr kile rixinripwa tojkanchi wixako swtokanu
54,chri chri chri china chikga chiklu wane china chri chri chri chikgaa,chfri chdri chri china chiktga chikllu wne chiina cri chri chri chigaa,chri chri chri china chikg chiolu wanre dchina chri chri chri chikgaa,chi chri chrki china cikga chiklu wajne cyhina cyhri chri cri chikga,chri chri chri china hikga chiklu wane chia chri chri chrl chikgaa,chri chri chri chuina chikga chiklu wane china vchri hri chri chikgaa
55,gaa girixkoxna gi rapokna,gaa girixkoxna gu rapokna,gaa goirixkoxna gu rapokna,gaw gierixkoxna gi rapokna,gxaa girizkoxna i rapona,gaa girixkoxna i rapokna
56,gaa gitakgonra wane pchinanrono,gaa gitakgnra wanw pchinanrono,gaxa gitakgonra wane pchinanrono,gaa gitzakgonra wane pchinxnrono,ga gitakgobra wane pchinanrono,gaa gitakgonra wane pcninanrono
57,gaa gitakgonra wane pchinjenatanruno nshikalwajetini,ga gitakgonra wanne pchinjnatanruno nshikalwajetini,gaa girtakgonra wanr ppchinjenatanruno nshikalwajetinni,ga gitakgonrsa wane pchinjenatanrunp nshikalwajetini,gaa gitakglonra wne pchinjenatanruno nshikalwajetini,aa itakgonra wane pchinkenatanruno nhikalwajetini
58,gaa nusoglewanata chingimata klana,gaz nusoglewanata chingimata klana,gaa nusogleqanata chingimata kpana,vaa nusoglewanafa chingimata klana,gaa nusogewanata chingimata klama,gaa nusoglewanata chingimata klzana
59,gaa pixakatkalge,gaa pixakatkalge,gaa pixakatkalge,gaa pixakatkalge,gaq piakatkalge,gaaa pixakatkalge
60,gaa poyagnu chingimata,gas pkoyagnu chingimata,ga poyaghnu chingimata,gaa poyagny chingimata,gasa oyagnu chingimata,gas ñoyagnu chkingimata
61,ga chichni giyagni gima wale koshcheka meromtatkalu yatka gipji,ga chixchni giyagni gima wale koshcheka meromtatalu yatka fgipji,ga chichnji giyagni gjma ale oshcheka meromtatkaluu yatka gipji,ga xhichni giyagi giima wape koshcheka meromtatkalu yatka gipji,ga chichni giyagni gima wale koshcheka merimtatkalu yatka giji,ga chichni giyagni gima wale koshcheka meromtatkalu yatma gipj
62,gachichogwu tnika tsunruji,gachichogu tnika tsunfuji,gachichñgwu tnika tsunfruji,gachichogwu tnika tsunruji,gachichogwu tnika tsunruji,gachicbhogwu tmika ttsunruji
63,gagajene gimretkatka pakatpatnaka chinanu yine metyawakanu rumretka waneklu girujpagajityayi,gagajene giretkatka pakatopatnaka chinanu yine metyawakanu rumretka aneklu girujpagajityayi,gagajene imretkatka pakatpatnaka chinanu yine mtyawakanu runmretka wameklu girujpagajityay,gagajene gimretkatka pakatpatnaka hinanu yin metyawkanu rumretka waneklu girujpagajityayi,gagsajene gimretkatka pakaypatnaka chinanu yine metyawakanu rumretka waneklu girujpagajityayi,gagajene goimretkatka pakatpatnaka chinanu yine metyawakanu rumretka waneoklu girujpagajtyayi
64,gagaje tkamginripa kongajetachripa,gagje tkamginripa kongajetachripa,tagaje tkamgindripa kongajetacripa,gagaje tkamginripa kongajetschripa,gagaje tkamginripa kongajetachripa,gagaje tksamginripa klongajetachripa
65,gaga waneklu satumni yayixlu gipgujewnamtakta,gaga waneklu satujni yagyixlu guipgujewnamtakta,gga wanejklu satumni yaixlu gipgujenamtakta,gag waneklu satumnk yayiixlu gipgujewnamtakya,vaga waneklu satumni yagixlu gipgujewnamtaota,gga wanekou satumni yayixplu gipgujewnamtakta
66,gaga wane rixa gitaklewletapna yine muchikawa,bgaga wane rixw gitwklewletapna yine muchikawa,tgaga wane rixz gitaklewletapna yine muchikawa,ggaga wane rixa gitaklewoetapna yine muchikawwa,gaga ane rrixa gitaklewletapna yine muchikawa,ggaga wan grixa glitaklewletapna ine muchokawa
67,gaga wane rixkakanatkana,gaga ewane rixkalanatkana,gaya swane rixkakanatkanqa,gaga ane rixkakanatkana,gga wane rixkakanatkana,gagsa ane rixkakanatkana
68,gagjitkaluru mkachri chinanu rumkata gamgaleta wixako wkamrurni,gagjitkaluru mkachri chinanu rumjata gamgalegta wiako wkamrurni,gagjitkaluru mkachri chinanu rumkata gamgaleta wuixako wkamrurni,gwagjitkaluru mkachri cbhinanu rumkata gamgapeta wixak wmkamrurni,gagjitkaluru mkachfri chinanu rkumkata gamgaeta wixamko wwkamrurni,gagjitkalkru mkachri chinank rumkata gakmgaleta wixko wamrurni
69,gagmuna nikachine,gagmuna mikachine,gagmuna nikachine,ggmuna nikachuine,gagmuna nikachine,gzagmuna nikachine
70,gagriro pixka,gagriro pixka,gagriro ppixka,gagriro pixka,bagriro pixka,gagriro pixka
71,gagriro wale koxa koshpaklu gewi gwachri yagluyma seyni pnuko rixa koshpakletlu wane rixa,gqagriro wale koxa koshpaklh gew gwachri yagluyja seynoi puko ixa koshpakletlu wae rixa,gagriro wxle koxa koshpaklu gesi gwachri ywgluyma seyni pnuko rixa loshpakletlu wane rixxa,gagrir wale kkoxa koshpsaklu gewk geachri yabgluyma seyni ñpnuko rica kosnhpakletlu wane eixa,ggriro wale koxa koshpaku gedi gwahri yagluyma seeyni pnko rixxa kosshpakletlu wae rixa,gaagriro wae koxa koshpakou geawi gwachri uyagluyma seyni pnuko rixa koshpakletlu wane rix
72,gagyo wkamrutlu g yonga tokanchi gomkagimtachri,gagyo wkamrutlu y yomga tokanchi gomkagimtachri,gagyo wkamrutu h onga tokanch gomkagimtachri,gagyo wkamrutlj b yohga okanchi gomkagimtachri,gagyo wiamrutlu  yonfa tokanhi gomkagimtachri,gagho wkamruytlu g yonga tokanchi gomkagimtachrl
73,gajerya maklutinitkana ruratkaluna kshanga,gajerya makllutinitkana ruratkaluna ksanga,gajerya mklutinitkana ruratkaluna kshanta,gamjerya maklutinitkana ruratkaluna kshana,gajerya maklutinitkana ruratkaluna oshanga,gaerya maklutinitkana ruratkluna kshqnga
74,gajiprogapje gima rurna,gajiprogapje gima rrna,gajiprogapmje gima rurnwa,gajiproapje gima runa,gajiprogalje gim rurna,ggajiprogapje gima rurna
75,gakaklu,gakakklu,gakaklu,gakkaklu,gakakl,gakalu
76,gakangonru ptaji tutakinitkalu wa chichitka tanikinitkalu wane gima xirniyatka xirnagimamtatka wanna ginaple,gakkangonru ptaji tuakinitkalu a chchitka ganikinitkalu wane gima xirniyatka xirnagimamtatka wanna gunaple,gakangonru ptajui tuakinitkalu w chifchitka taikinitkalu wane gima xirniyatka xirnagimamtatka qwanna ginaplle,gakangnru ptajui tutakibitkalu ws cjichitka tanikiitkalu wane gima xirniyaatka xirnagimakmtatka wanna ginaple,gakangonru ptaji turtakinitkalu wa chichitka tanikinitkalu wane yima xirniyatka xirnagimamtata wanna ginaple,gakangkonru ptamji tutakinitkalu wa dchichitka tanikinitkalu wqne gima xkrniyatka xirnagimaktatka wanna ginale
77,gakapla waneya mapa gaxawripa wgenene golya koxa waneya mapa gaxawripa wgenene,gkapla waneya mapa gaxawripa wgfnene goya koxa waney mapa gaxawrip wgenene,gakapla waneuya mapa gaxawripa whgenene golya moxa wanya mapa gaxawripa wgenene,gakapla waneya map gaxawwripa wgrenene gola koxa waneyza mapa gaxawripa wgemene,gakapla wwaneya mapa gaxzwripa wgemene golya koxa wqneya mapa gxawripa wgenene,gkapla waneya map gaxawipa wgenene golya koxa waney mzpa gaxsawripa wgenene
78,gakatsreklu yegi kapi goseya ga wa pawlo yoshmata,gakatsreklu yegk kap goseya ta wwa pqwlo yosjhmata,gakatsreklu yegi kapi gosya g a pawlo yoshmata,gakatsreklu yegi kapli goseya ga wa pawlo yoshmta,gakatsreklu uegi kapi goseywa g w pawlo yoshmata,gakatsreklu yegi kaapi goseya ga wa pawl yoshmata
79,galachacha wkamrutlu a yonga tokanchi gomkagimtachri,gaoachacha wkamrutu a yonga tikanchi gomkagimtachri,galachafcha wkanrutlu qa yoga tokanci gomkagumtachri,galachacha wkamrutl  yonta tokanchi gomkagimmtachri,galachacha wkamrutlu q ylonga tokanhi gomkagimtachri,galacacha wkamutlu a yoga tkanchi gokkagimtachri
80,galikaklege gi wa rutakatkaluna jimeka pokchiya wa tye walapkakatka,gapikaklege fgi wa rutakatkaluuna jimeka pokchiya wwa tye walapkakatka,galikaklege gi wa rutakatkaluna jieka pokcchiya sa ttye walapkakatka,balikaklege gi wsa rutakatkalunza jimeka pokchiya wa ye walapkakatka,galikajklege gi wa rutakatkalun jikeka pokchiha wa the walapkakagtka,galikaklege gi ww rutakatkaluna jijmeka pkchiya aa tye waapkakatka
81,galikaklege maleshatkalu wapgumko,galikaklege maleshatkaluu walgumko,galikaklege maleshatokalu wwapgumko,galiaklege malesnatkalu wapgumko,galikaklege maleshatkalu wapgumko,galikakolege maleshatkalu wapgunko
82,galikaklege nikawnananumtanatka wapguni,galikaklege bnikawnananumtanatka wapguni,gaplikaklege nikadnananumtanatka wapfguni,galikkaklege nikawnananumtanatka wapbguni,galikaklege nikawnananumtanatka wapgunl,galikakletge nikawnananummtanatka wapguni
83,galikaklege nikawnananumtatka jimeka gitakikolu,galikaklege nikawnabanumtatka jimekx gihtakikolu,galikaklege nikawnananumtatka jieka giftakikolu,galikalege nikawnanaumtatka jimeka gitakikolu,galikaklege nikawnannumtatka jimmeka gitakikolu,galikaklege jikawnananumtatka jimeka gitqkikolu
84,galikaklege pakatamnunanuko nikawnananumta wapgu,galikaklegr pakatamnunanko nikawnananumta wapgu,galikakleyge pakatamnunanuko njikawnananumta wapgu,galikaklege pakatamnunanuko nikawnananumta waphu,galikaklege pakatamnunanuko nikwnananumta wapgu,galikaklege pakatamnunnuko nikawnananumta wqapgu
85,galikaklege pupokchi gajene gi wa gitakatkalu wapgu,galikaklee pupokxchi gajene bi wa gitakatokalu wapgu,galikaklege pupokchi gajene gj wa gitakatialu wapgu,galikakleg pupokchi gaijene i w gitakaykalu apgu,galjkaklege pupokchi gajene gi wa gitakatkalu wapgu,galikaklege ppokchi gajenw i wa gitakatalu wapgu
86,galikaklege tye walapu gi wa sana waneyanatkana,galikaklege tye walapu g a sana waneyanatkansa,gzalikaklege ty walapi gji wa sana waneyanatkana,galikaklege tye walpu i ea saa waneyanatkana,galuikaklege thye alapu gi a sana waneyanatkana,alikaklege tye walapu gi wx sana waneyanatkana
87,galikaklege wa jimeka gitakikolu nikawnananumtatka,galikaklege dwa jjmeka gitakikou nikawnananumtatka,galikaklege wa jimeeka gitakikolu nikawnananumtatka,galikakleyge wa jimeka itakikolu nikawnananumtahka,galikaklege wa jimeka gitakikolu nikawnananumtatka,galikaaklege wa jinmeka gitxakikolu nikawnananumtatkw
88,galikaklege wupokchi nikawniyatka jimeka,galikakolege wupkchi nikawniyatka jimeka,galikailege wuokchi nikawniyatkxa jimeka,galikaklege wupokchi nnikawniyatka jimeka,galikaklege wupkkchi nikawniyattka jimeoa,galikakplege wupokch nikawniysatka jimeka
89,galikaklege yine pupokchi gajene gi wa gitakatkalu wapgu,galikaklege yijne pupokchi gajee gi wa gitakatkalu aapgu,galikaklefe yin pupokchi gqajene i wa gitakatkalu wapgu,galilkaklege yine pupiokchi gajene gi wa gitamkatkalu wapgu,galikaklege yine puppokchi gajne gi wa gitakatkalu waogu,galikaklege yine pupokchi gajene i wqa gitakagtkalu wapgu
90,galikaknige giwa jimeka rutaakatkana,galikaknige giwa jiimeka rutaakatkana,galikaknige giw jimeka rutaakatkana,galikaknige giwa jimseka rutaakatkana,galikaknige giiwa jimeka rutaakatkana,galikaknige giwa imeka rutaakqtkana
91,galikalurni rutaakoklunu wa gitaklechi,galikalurnui rutaakklunu wq gitaklechi,galikalrni rutaakklunu wa gitaklchi,alikalurni rutaakoklunu wa gitakplechi,galikalurni rutaakoklhnu aa gitakpechi,galikalurni rutaaoklunu wa gitklechi
92,galikta gonra wa gikmigi kaka rawjeta ksatu,galikta gonra wz gikmigi kaka rawjfta katu,gapikta gonra wa gikigi maka rawjeta ksatu,galikta gponra wa gikigi kaoa rawjet ksahtu,galikta gonra wa gikmigi kaka rawjeta ksau,galikta gonta wa gikmihgi kaka rawjeta ksatu
93,galnachine mane yonga,galnachine mane yonga,galnachine nmane yonga,galnacuine mane ynga,galnacgine mane onga,galnachine jane yonga
94,galpokotachimpotuko tsapi gwapanu,galpokotachimpotuko tsapi gwapanu,galpokotachimpotuko tsapoi gwalanu,galpokotachimpotuko tapi gwapanu,galpokotachimpotiko tssapi gwapanu,galpokotachimpotuko tsapi gwapqanu
95,galpokotkaluru kakwalu yantatkona pejnuruneko gannatanru kakwalu giwlatkaluru kakwaku kotajitkaluru psoluko wutakanru psoluko toshpata gwachri ga wa wugitanru,galpokotkaluru kakwalu yantatkpona pejnuruneko ganatanru kakalu gwlatkaluru kaksaku kotajitkaliuru psolukio wutakanru opsoluko toshñpata gwachrii g wa wugitanru,galpokotkaluru kakwzalu yantatkojna pejnuruneko gannatanru kakwalu giwlatkaluru kakwaku kotajitkalurru psñluko wutakanru psoluko toshpata gwachri ga wa wygitanru,galpokotkaluru kakwapu yantatkonw pejnuruneko gannatanru kakalu giwlataluru kakwqaku kotajitkaluru psoluko wutakanru psoluko toshpata gwachri gxa wa dugitanru,galpokotkaluuru kakwal yantatkona pejnurubneko gannatanrku kakwalu giwlatkaluru akwaku kotauitkaluru psoluko wutakanru psoluko tosbpata gwahri fa wa wugitanru,galpkotkaluru kakwalu yantatkoja penuruneko gannatanru kakwalu giwlatkaluru kakwaku kotajitkaluru psoluko wutakanru psoluko tshpata wachri g wa wugitanru
96,galukakachinni jimeka ga wa makna,galukakachinni jimeka ga wa makn,galukakachinni jimeka gwa ea kmakna,galumakachinni jimema ba a makna,galukakkachinni jimeka ga wa makna,galukakachinni jimeks va wwa makna
97,galukalarnige totu gigkakle poyagkakikolupa,galukalarnige totu gigkakle poyagkakikolupa,galukalarnige tot gigkaklee poyagkakiklupa,galukalarnige totu gigkwakle poyagkakikolupa,galukalarnuge totu gigkalle poyagkakikoluñpa,gapukalarnige totu ggkakle poyagkskikolupa
98,galukalnige totu gijretle poyagkakikolupa,galukalnig totu gijretle poyagkakikkolupa,galukalnige totu gijretle poyagkakiolupa,galukanige ytotu gijrele poyagkakikolupa,galukalnige otu gijretle poyagkaikolupa,galukallnige tñtu ijretle poyagkakikolula
99,galukalurge poyagkakikolupa gatjirchi giykole,galukalurrge poygkakikolupa garjirchi giykole,galukapurge poyagkakkolupa gatjirchi giykolf,gaplukalurge lpoyagkakikolupa gatjirchi giykole,galukalurge poyagkakikolupa gatjirchi giykole,galukalurge poyagkakikolupa gatjirchu giykolse
100,galukalurkaka giknogachri,galukalurkaka giknogachri,galukalurkaka giknogachri,galukalurkaka giknogacnri,galukzalurkaka giknogchri,galhukalurkaka giknogachri
101,galukalurlege gitakluji wumata gignantakinripa pnumnu gajeru pokchi,galukaludlege gitakluji wumata gignantakinripa pnmnu gajsru pokchi,galukalurlege gitakluji wumata gignantaklnripa pnumnu gajerh poochi,gaolukalurlege gitakluji wumat gignantakinripz pnumnu gajeryu pñokchi,galukalurlege itakluji wumata gignantaklnripa pnumnu gajeru pokchi,galukaurlege gitakkluji wukmata gignantkinripa pnummnu gajeru opokchi
102,galukalurlege poyagkakikolu gijretlu,galukalurlege poyagkakikolu gijretlu,galukalurlege poyagkakiolu gijretlu,galukalurlege poyagkakikolu gijretlu,galukalurlege poyagkakikolu gijretou,galukaluelege poyagkakioolu gijretlu
103,galukalurlege totu gimatkakyapyi shima gwiyawaka,galukalurlege totu gimatkakyapyi shuima gwiyawaka,galukalurlege totu gimatkakyapyi ehima gwiyawaka,galukaludlege totu vgimatkakyapyi shima gwiyawaka,galukaljrlege totu gimatkakyapyi shkima wiyawaka,gaukalurlege tpotu gimatkakyapy shijma wiyawaka
104,galukalurlege wa tsru yimakyawu,gxalukalurlege wa tsru yimakhawu,galukalurlwge wa tsdru yimakyawu,gaukalurlege wa tsru yimakyawu,galukalurlege wa tsru ylimakyawu,galukalurlege wa tsru yimakyawu
105,galukalurnige jiro yimakyawu wkamrutinripa klu chinanu,galukalurnige jiro yimakyawiu wkamruhtinripa ilu chinanu,galukalurjnige jro yimakyawu wkamrutinrripa klu chinanyu,galukalurjige jiro yimakyawu wkamrutinripa ilu chjnanu,galukalurige jiro yimakyawu wkamrutinripa klu chinan,galukalurnge jir yimakyawu wkamtrutinripa klu chianu
106,galukalurnige kashrijetikolu pimri wangixlu,galukalurnige kasbhrijetikolu pimri wangixlu,galualurnige kashrijetikolu pimri wangixlu,galukalurnige kashrijetikolu pmri wangixlu,galukalurnige kashrijetikkolu pimri wangixlu,galukalurnige kashrijetikolu pimri wagixlu
107,galukalurnige kgimatkaleru giykole jemikolupa,galukalurnige kgimatkaleru giykolre jemikolupa,galukalurnige kgimarkaleru giykole jemiklolupa,gaoukalurnige mgimatkaleru giykole jemikolupa,galukalurnige kgimatkaleru giykole kemikolupa,galukalurnige kgimatkaleru giykolle jemiolupa
108,galukalurnige poyagkakikolu gixlu waka pumretyaplu gagaje gitakanatikalurutka,galukalurnige poyagkakiolu gixlu wakq pumretyapl gatgaje gitakanatikalurutka,galukalurnige poyagakikolu ixlu wakka pumretyaplu gagaje gitakantikalurutka,galukalurnig poyagkakikolu gixl wakaa pumrwetyaplu gagaje gitakanatikalurutka,galukaliurnige poyagkakikolu gixlu waka pumretyaplk gagaie gitakanatijkalurutka,galukaluernige poyagkakikolu gixlu waka lumretyaplu ggaje gitsakanatikalurutka
109,galukalurnige poyagkakikolupa ginanshichkaluru ga wa pyimakikolu,galukalurnige poyagkakiolupa ginanshichkaluru gqa w pyimakikolu,galuklurnige poyagkakikolupa ginanshichkaluru ga wa pyimakikolu,galukalurnige poyagakikolupa ginanshichkaluru ga wa pyimakikoluu,galukqalurnige poyagkakikolupa ginanshichkalurju ga wa pyimakiolu,gapukalurnige poyagkakikolupa ginanshichkaluru g a pyimakikolu
110,galukalurnige poyagkakikolupa ginanshichkaluru ga wa pyimakikolu kakwalu putakinipa,galualurnige poyagakikolupa ginanshichkalur ga wa pykimakikolu kakwaplu putakinipa,galukalurnige poyagkakikolupa ginansichkaluru a wq pyimakikolu kakwalu putakinipa,galukalurnige opoyagkakikolupa ginashichkaluru gaa wa pyimakikolu kakwallu putakinia,galukalurnig poyagkakikolupa ginanshichkaluru gx ea pimakikolu kakealu putakinipa,galukalurnige poyagkakukolupa ginanshichkaluru ga wa pyimakikolu kakwalu putakinipa
111,galukalurnige poyagkakikolupa piinitikolu kshimagakleru pixinripa,galukalurnige poygkakikolupa piinitikolu kshimagakoleru pixinripa,glukalurnige poyagkakikolupa piinitikolu kshijmagakleru pixinripa,galukalurnige poyagkakikolupa piinitikolu kqshimagakleru pixinripa,galukalurnige poygkakikolupa piinitikolu kshimagakleru pixinripa,galukalurnige poyagkakikoluña piinitijkolu kshimagaklrru pixineripa
112,galukalurnige pyimakikolu,halukalurnige pgimakikolu,galukalurnige pyimakiklu,galhkalurnige pyimakikolu,galukalurnige pyimakikolu,galukalurnige pyimakikoolu
113,galukalurnige rixpokotyawakpotuko rixikolu pinrewlu poyoliru rixinripa,galukalurniyge rixplkotyawakpotuko riikolu pinreqwlu poyoliru rixinripa,galukalurige rixpokotyasakpotuko rixikou pinrewlu poyoliru rixinria,galukalurnige rixpokotyawakpouko rixiolu pinrewl poyoliru rixinripxa,galukalurnige ixpokotyawakpotuko rizxikolu pinrewl poyolru rixinripx,galukalunige rixpokotyawakpotuko rixikolu pinrewlu poyliru rixinripa
114,galukalurnige ruxixikolupa wa pinitkaluru,galukalurnige ruxixikolupa wa pinitkaluru,galualurnige ruxixikolupa waa pinitkaluru,gaolukalurnige ruxiikolupa w pinitkaluru,galukalurnige ruxxikolupa wa pinitkkaluru,galukalunige ruxixikolua aa pinitkalur
115,galukalurnige satu gimotsatyaplu wa tsapi koshpakachripa,galukalurnige sathu gimotsatyapl wa tsañpi koshpakachripa,galukalurnige xsatu gimootsatyaplu wa txapi koshpakahripa,galukalurnuge atu gimotsatyalplu w tsaoi koshpakacbripa,galukalkurnige sau gimotsayaplu wa sapi koshpakachripa,alukalurnige sau gimotsatyañplu wa tsapi koshpaachripa
116,galukalurnige totu gijretle wjeminri,galukalurnige totu ggijretle weminri,galukwalurnige totu gijretle wjeminri,galukalurnige otu tijretle wjeminri,galukalurnige totu gijretle wjeminri,galukalurnige totu gijrftle wjemini
117,galukalurnige totu gijretle wpoyagkakinripa,glukalurnige tou gijretld wpoyagkakinripa,galukalurnige totu gijrsetle wpoyagkakinripa,galukalurnige totu gijretle wpoyagkakiripa,galukalurige totu gijrdetle wpoyagkainripa,galukalurnige totu gijretlee wpoyagkakinripa
118,galukalurnige totu giykole wpoyagkakinripa wniikinri gitseklu kinre,galukalurnige totuu giykole wpoyagkakinipa wniikinr gitsekolu kinrr,galukalyrnige otu giykole wpoyagkakinripa wniikinfi gitseklj kinrwe,galujkalurnige totu giyjole wpoyagkakinripa wniikinri gitseklu kinre,galukalurnige totu hiykole wpoyagkakinripa wniikoinri gitseklu kinre,galukalurnig totu giykole wpoyagkakinropa wniikinri gitseklu kinrr
119,galukalurnige totu yimakyawu,galukalurniye totk yimakywu,glukalurnige totu yimakyaw,galukalurnige totu yimakyawu,galukalurnige tot yimakyawu,galkalurnige gotu yimakyau
120,galukalurnige tsrune gijretle wpoyagkakinri,galukalurnige tsrune gijretle wpoyagkakinri,galukalurnige trune gijrtle wpoyagkakinri,galulalurnige tsrune gijgretle wpoyagkakinri,galukalurnige tsruhe glijretle wpoyqgkakinri,galukalurnibge tsrune tgijretle wpoyagkakinri
121,galukalurnige tsrune yimakle waka gijretle wpoyagkakinripa,galukalkrnige twrune yiakle waka giuretle wpoyagkakinripa,galuklurnige tsrne yimale waka gijretle wpotagkakinripa,galukalurniyge tsrune yimakle wka gijretl wpoyagkakonripa,galukalurnige srune yimakle waka gijretle wpoyagkakinripa,yalukalurnige tsrune imakle waka gijretle woyagkakinripa
122,galukalurnige wane wixjetyaplu,galukaolurnige sane wixjetyaplu,galukalurnige wan wixjetyaplu,galukalurnige wae wixjetyaplu,galukalurnige wane wixjetyaplu,galukalurmnige wane wixjetyaplu
123,galukalurnige watye kamrurchikaka,galukalurnige atye kamrurchikaka,galukalurnige watye kamrurxhikaka,galukaolurnige watye kamrurchikaka,vgalukalurnige wattye kamrurchikaka,galukalurnige watye kamrurchikaka
124,galukalurni gitaklechi wuwekinri chinanu,galukalurni gtaklechi wuwekinrk chianu,galukslurni gitaklechi wuwekinri chibnanu,galukalurni gitzklechi wuwekinri chinanu,galukaourni gitaklwchi wuwekinrl chinanu,hgalukalurni gitaklechi wuwekinri chinanu
125,galukalurni gi wa wamtakyaplu chaluglu,galuukalurni gi w wamtakyaplu haluglu,alukalurni gi wsa wamtakyalu chalhglu,fgalukalurni g wa wamtzkyaplu chaluglu,galjukalurni bgi a wamtakyaplu chxaluglu,galukalurbi g wa wamtakyaplu caluglu
126,galukalurni gi wa wamtakyaplu chalu pinitiklupa,gaplukalurni gli w wakmtakyaplu chalu pinitiklupa,galukalurni gi wa wamtakyaplu chalu pinitiklup,galukalurni gji wa wamtakyaplk chalu piitiklupa,galukalugrni gi wa wamtakyaplu chalu pinitikupa,galukalurni gl wa wamtakyapou chalu pinitiklupa
127,galukalurni gi wa wamtakyaplu chalu pinitikolupa,yalukalurni gi wa wamttakyaplu chalu pijnitikolupa,galukalurni gi a wamtakyaplu chalu pinitikolupa,galukalurni gi wa wamtakyaplu calu pinitikolupa,alukalurni hgi w wamtakyaplu chalu pinitikoluñpa,galukalutrni gi w wamtakyaplu xhalu initikolupa
128,galukalurni gi wa wumtukyaplu chaluglu,galukalurnoi fi dwa wumtukyyaplu chalglu,galukalurni gi ww wumtukyaplhu chalugu,galukalurni gi wa wumtkyaplu chauglu,galukqlurni gi a wumtukysaplu chalugly,galukalurni g wa wumgukyaplu vhaluglu
129,galukalurni puglepokotyaplu,galukalurni puglepokotyaplu,galkalurni puglepokotysplu,tgalukalurni pglepokotyaplu,galukalurni puglepokotyapolu,galukalurni puglepokotyaplu
130,galukalurni retikolu gitaklu gwiyawaka gi rixanu walenwa kigle wakchiji,galukalurni retiklu gitaklu hwiyawaka goi rixxanu walenwa kgle wakchiji,galukalurni retikoolu gitaklu gwiyawaia gi rixanu walendwa kigle wakchiji,galukalurni retiklu gitaklu gwjiyawaka g rixanu walenwa kible wakchiji,alukalurni retikolu tgitaklu gwiyawaka hgi rixanu walenwa kigle wakchiji,galukslurni retikou gitakluu gwiywaka ti rixanu walenwa kigle wakchiji
131,galukalurni rumatikolupa girixpoko gimretarjetluna pimrine wumwastsitanune,galuklurni rumatikolpa girixpñko gijmretarjetluna pimrine wumwastsitanune,galukalurni rumatikolupa girixpoko gimretarjetlunw pimrine wumwastsitanune,galukalurni rumztikolupa girixpokko giretarjetluna imrine wumwastsitanune,galukalurni rumatikoupa girixpoko gimretarjetluna pimrne wumwawstsitanune,galukalurni rumaikolupa girixpoko gimretarjetluma pimrine wumwastsitanune
132,galukalurni rustakikolu gosha,galukalurni rustakikolu gosha,galkukalurni rustakikolu glsha,galukalurni rustakikolu gosha,galukaluni rustakikolu tgosha,galukalurni rustakikolu gosuha
133,galukalurni wjemyapna wujretjene psoluko ginanshichkaluru wa gitaklewlu jimeka chinanu,galukalurni wjemyapna wujfetjene psopluko ginanshichkaluru wa gitaklewolu jimfeka chinahu,galukalurni wjemyapna wujrtjene psoluko ginashichkaluru w gitaklewlu jimeka chinanu,galukapurni wjemapna wujretjene psouko ginanshichkaluru wa gitakewlu jimeka chinanu,galukalurni wjemysapna wujretjfene psolko ginanshichkaluru wa gitaklewlu jimeka chinanu,glukalurni wjemyapa wujretjene psoluko ginanshichkaluru wa gitaklewlu jimeka chinxnu
134,galukalurni wumatyaplu jimekane gapu pnumnu gixachri,galukalurni wumatgyaplu jimekqane gapu pnumnu gixachi,galualurni wumatyaplu jimekwne gapu pnumnu gixachrii,galukalurni wumatyaplu jimekan gapu pnumnu gixacuri,galuklurni umatyaplu jimekane galu pnumnu gixacyhri,galukalurrni wumatyaplu jimemkane gapu pnumnu gixchri
135,galukalurni wumatyaplu wtokanu gii wamtakyaplu wmawupatewatyaplu wane china wkamrutjeru tokanu,gaukalurni wumatyaplu wtokanu glii wamtakyaplu wmawupatewatyaplu wane chia wkamrutjeru tookanu,galukalurni wumatyaplu wtkanu gii wamtakyaplu wawupatewatyaplu wabe china wkamrutjeru tokanu,galukalurni awumatyaplu wtokanu gii wamtakyaplu wmawupatewatyaplu dane chjna wlamrutjeru tokau,galukalurni wumatyaplu awtokanu ii wamtakyaplu wmawupatewatyaplu wane china wkamrutjeru tokanu,galukalurni wumatyaplu wtokanu gii wamtakyalu wmawupatewataplu wanw china wkamrutjeru tokanu
136,galukalurni wumatyaplu wtokanu gi wamtakyaplu wmawupatewatyaplu wane china wkamrutjeru tokanu,galukalurni wumatyapu wtokanu gk wamtakyaplu wmawupatewatyaplu wane china wkamrutjeru tokanu,galuikalurni wumatgyaplu wtokanu fgi wqmtakyaplu wmawupatewtyaplu wane chlina kamrutjeru toikanu,alukalurni wumatyaplk wtokanu g wamtakuaplu wmawupatewatyaplu wans china wkamrutjeru tokanu,galukalurni wumatyaplu wtokanu bi wamtakyaplu wmawupatewatyaplu wane cina wkamrutjeru tokanh,gallukalurni wumatyaoplu wtokwnu gi wamtakyaplu wmawupateatyaplu wane vhina wkamrutjeru tokanu
137,galukalurpotni tapatjetikolu tumkata gitakikolupa,galukalurpotni tapatjetikolu tumkata gitakikoplupa,galukaludpotni tapatjetikopu tumkata gitajkikolupa,galukalurptni tapatjetikolju tukata gitakikolupa,galukalurpotni tapatjetikolu tumkata gitakikolupa,galualurpotni tañatjetikolu tunmkata giakikolupa
138,galukalurpotni walixkotyaplu wnikanru,galukalurpotni walixkotyaplu wniknru,galuikalurpotni walixkotyaplu awnikanru,galukaourpotni walidkotyaplu wnikanru,galukalurpotni walixkotyapu wnikaru,galukalurpotni walixkotyaplu wnikanru
139,galukalurpotni wgirukotyaplu wjeminri,galukalurotni girukotyaplu wjeminri,galuklurpotni wgirukotyaplu djeminri,galukalurpotni wgirukotyaplu djeminri,galukalurpotnii wgirukotyapplu wjeminri,galuklurpotni wgirukotyaplu wjeminri
140,galukalurpotni wnikinripa wumane chinanu,alukalurpotni wnikinripa umane chinwnu,galukzlurpotni wnikinripa wumane chinanu,gapukalurpotni wnikinfipa dumane chinabnu,galukalurpoti wnikinrpa wumane chinahnu,galukalurpotni wnikinrip wujmane chinanu
141,galukalurpotni wnikinripa wumane chinanupa,galukalurpotni wnikoinripa wumane chinanupa,galukalugpotni wnikineipa whmane chinanula,galukalurpotni wniiinripa wukmane chinanupa,galukalurpotni wnikinrripa wumane chjinanupa,galukaourpotni wnikinripa wumane chinanup
142,galukarurpotu rixinri saxpalulkaka ga wa rupxakwu yimaklewatachro kamrutanrupa,galukarurpotu rixinri saxplulkaka va ws rupxakwu yimaklewatahro kamrutanrupa,galukarrpotu rixinri saxpalulaka ga qa rupxakwu yimaklewstachro kamrutwanrupa,galukaruropotu rixinri saxpalulkaka ga wa dupxakwu yimaklewatachro kamrutanrupa,galukarurpotu riximnri saxpalulkaka ga qa ruppxakwu yimaklewatachro kamrutanrupa,galukrurpotu rixibri saxplulkaka ga wa rupxakwu yimaklewatachro kamrutahrupa
143,galuklewatachinepwu pgujetanu plajipwu yiglepotuko wkagwakanru rugkakyapwu,galuklewatachinepwu pgujetanu plajipwi yiglepotuko wkagwwkanru rugkakypwu,galuklewatachinepwu pghjetanu plajilwu yiglepotuko wkagwakanru rugkakyapwu,galuklewatachinepwu pgujetanu plwjipwu hyiglepotuko wkagwakanu rugkakyapwu,aluklewatachinepwu pgujetanu planjipwu yglepotuko kagwakanru rugkakyapwu,galyuklewatachinepwu pgujetanu plajipwu yiglepotuko wkagwakanru rugkakyapwu
144,galuklewatanu kigle plajirunepgi mshiretkatupni,galuklewatanu kigle plajirunepgi mshiretkatupni,galuklewatanu kigle plajirunepgi mshiretkatupni,gauklewatanu kiglle plajirunepgi mshiretkatupni,galuklewatanu kigle plajiruunepgi mshiretkatupni,gauklewatanu kigle plajirunepgi mshiretkatupni
145,galuklo kiruka tshicho tutaklo koshma mama tshicho chinanu,tgaluklo kiruka tshcho tutakl kshma mama tshicho chinanu,galumklo lkiruka tshich tutaklo koshja mama txhicho chinanu,galuklo kiruka gtshicho tutaklo koshma mamz tshicho chinanu,gapluklo kiruka tshicho tuhaklo koqhma mana tshiccho chinwanu,gqaluklo kirika tsyicho tutakplo koahma mama tshicho cyinanu
146,galukta gimnu getkoklunchi saplewatka,gaukta gimn gegtkoklunchi sapleatka,galukta gimnu getkoklunchi sapewatka,galukta gimnu getkoklunchi saplewatkq,galuktq gjimnu fgetkoklunchi saplewatka,alukta gimnu gertkoklunchi saplewatka
147,galwerto kashichlu wpamoleteyma waleyma rekakgitlu,galwerto kashichlu wpamopeteyma waleyma rekkgitlu,galwerto oashichlu wpamoleteyma qaleyma rekakgilu,gawerto kxshichlu wpamoleteyma waleyjma rekakgitlu,galwerto kashichlu wpamoletfyma waleyma fekakgitlu,galwero kashchlu wpamoleteyma waleyma rekakgitlu
148,gamjiru putsotu gitni satu gitnerewatachrino seyni gi wa katalo yochpikachrino gi koxa motorone nyagkaka gitokga nwa,gamjirhu putsou gitni satu gitnerewatachrino seyn gi wa katalo yochpikachrino goi kixa motorome ntagkaka gitokga nwa,gamjiru utsotu gitni stu gitneewatachrino sfeyni gi a atalo yochñpikachrino gki koxa motorlone nyagkaka gitiokga nwa,gamjiru putsotu gitn satu ginerewatachrino seyni gj wza katalo yochpikachrno gji koxa mogtorone nuyagkaka gitikga nwa,gamjiru putsotu gitni stu itnerewatachrino setyni bgi w katalpo yochpikachrino gi koxa motoroe nyagkaka gitokga nwa,amjiru putsñtu gitni atu gitnrrewatachrino seyni gi da katsalo yochpikachrino g koxa motorone nyagmkaka gitkga nwa
149,gampo gishagkalu pamyo mturu pchogkaka tsapi wanepnute rushagkalu gepi pchogi tsru,gampo gishagkalu pamyo mturu pchogkaka tsqpi wabepnute rushagkalu gepi pchogi tsru,gampo gizshagkalu pamyo mturu pchogkka tsapi wajnepnute frushagkalu gepi pchogi htsru,gampo gkshagkalu pamhyo mturu pchlogkaka tsapi waneopnute rushagkaalu gepi ñchogi tdsru,gajpo gishagkalu pamo mturku pchogkaka tsapi wanepnute rushagialu gepji phogi tsru,gampo gishagkalu amyo turu pchogkak gsapi waepnute rushagkalu gepk pchogi tsru
150,gampo waneya pamole gepi proji ga wa mawro waneya patsrujire proji,gamppo waney pamol ggepi peoji yga wa mawro waneya patsrujore projji,gampo waneya panole bepi proji ga wq mawro waneya patrujire proji,gampo wanwya pakmole gepoi proki gw wa mawro waneya patsrujire proui,gmpo waneya pamole gepi projj gga da jawro wanea patsrujifre lproji,gampoo saneya pamople gei poji ga wa mawro waneya patsrujire roji
151,gana ga wa nora gepi pixkalutu niikaluru ruwlatna ga wa rushagkaluna psoluko chinyawaka giswaji gomkagitachri,ganqa fga wwa norx vgepi puxkalutu niikluru ruwlana gqa wa ruxhagkaluna psoluko chinyawaka gisaji gomkaitachri,gana g wa nora gdpi pkxkalutu niikaluru ruwlatna ga ww rushafgkaluna psoluko chinyawaka giswaji gomkagitachri,gzana ga wza nora gepi pixkalutu niikaluru ruwlatna g wa rushagkaluna psoluko chinyawaka gliswaji gomkagitachri,gana ga wa nora gepi pixkalutu niikaluru ruwlatna ha wa rushagkaouna psoluko chinyawaka giswaji gokagitachri,gana gwa w nora gpi pixkalutu nikaluru ruwlatna ga wa rjshagkaluna pqsoluko chihyawaka gjiswaji gomkagitachri
152,gana ga wa rowerto waneyna pnumnu gixachine pachine wgenene gipranna,gaa ga wxa rowerto qwaneyna pnumnu guxachine pachine dwgenene gipranna,gana ga wa rowerto waneyna pnumnu gixachine pachine wgenene gipranna,ana g wa rowerrto waneyna pnumnu gixachin pachine wgenene gipramna,ana ga wwa rwerto wneyna pnumnu gixachine pachine wgenene gipranna,gsna ta awa rowferto daneyna pnumju gixachine pachine wgeneme gpranna
153,gana ga wa yompi yenewata yogwajitkaluruyma,vgana gxa wq yompi yenewata yogwajitkaluruyma,gwana ga wa yompi yenewata yogwajitkaluuyma,gana ga wa ykompi gyenewata yogwajitkaluruyma,gana ga wwa yompi yennewata yogwajikaluruyma,gana ga wa yomopi yeewata yogwajitkaluruymq
154,gana gimatlu gipapko giklu rumkata jirgakota kakwalu tyanumatinitka jirgakota kakwalu tyanumatinitka jixolupi pupji ginapleya kakwalu jirgakotka jixolupi pupji ginapleya kakwalu jirgakotka girixanu tugkaklewatatka gipapkotkani,gana gimatlu gipapko giklu rumkata jirgakota mkakwalu tyanumqatinitka jirgqkota kqkwalu tyanumatinitka jlixolupi upji ginappleya kakwalu ujirgakotka iixolupi pupji ginaplya kawalu jirgakotka girixanu tugoaklewatatka gipapkotkani,gna gimatlu gipapko gikplu rumkata jirgakota kakwxalu tyanumatinitka jirgakota kakwalu tyanumatinitka jixolupi pulji ginapleya kaowalu jirygakotka jixolupi pupjii ginapleyqa kakwxalu jirgakotka girixanu tugkaklewatwtka gipapkotkani,gama gimmatlu gipapko giklu rumkata jirgakñota kakwapu tyanumatinitka jirgakota jkakwalu tyanumatinitka jixolupi pupji ginzapleya kakwalu jirgakotka jixolupi pupi ginaleya kakwalu jiryakotka girixanu tugkaklewatafka gipañpkotkani,gans gimatlu gipwpko giklu rumkata jirtgakota kakwlu tyanumatinitka joirgakota kakwalu tyanumatinitka jixkolupi pupji ginapleyza kakwalu jirgakotka jixlupi pupii hinapleya kakwqlu jirgakoytka girixanu tukaklewatatka gipspkotkani,gna gimatli goipapko gklu rumkata jirgalkota kakwalu tyaumatinitka jirgakta kakwalu tyanumatinitk jixolupi puppji ginapleya akwalu jirgwkotka jixolupi pupi gnapleya kakdwalu jirgakotka girixanu tugkaklewatatka gipakotkani
155,gana molene waneyna pamole yokgipi gaxawripane ga wa sonya molene ganikaji waneya gana molene pnute gi pejnu gaxawripane waneyna sonya molene,gana molee wneyna pamole yokgipi gaxswripane ga wa sñnya molene ganikaji waneeya ganx molene pnute gi pejnu fgaxawripane waneyna snya molfene,gana molene wneyna psamole yokgipi gaxawripanr vga w sonya molene gankaji wanya gana molene pjnute gi pejhu gaxawripane waneyna sonya molene,gama molene waneynza pamole ykgipi gaxawipane bga swa sonya molene ganikaji waneya gzna moene pnute ti pejn gaxawripane wansyna sony molene,gna mlene waneyna pamole yokgipui gaxawripane ga da sonya molene gganikaji waneya gana molene pnute gui peju gaxawripane waneyna onya molene,gana molen waneyna pakmole yokgipi gaxawripanre ga wa sonya molene gajikaji waneya gana molene ñnute gi pejniu gaxawripane waneyn sonnya moleene
156,gana waneya tusanate kigleru kajirujine nato gana waneya tusanate kigleru kajirujine wanepnute waneylo jiji pakata tusanate wanepnute waneylo jiji pakata tusanate nwanata wale pshinitsonu netlu suwa managi nwanata wale pshinitsonu netlu suwa managi rujgananumta niikanropa,gna waeya tusajnate igleru kajifrujine nsato gana waneya tuswanate kigpleru kajirujine wanepnute waneylo jii pakata tusanate wanepnuye waneylo jiji pakata tusanarte nwanata wal psinitsonu netlu suwa manag nwanatwa wale pshinitsonu metlu suuwa managi rujgananumta niikanropa,gana wanea tsanate kigleru kajirujine nato gana waneya tusanatse kigeru kajirujine wqanepnute wanylo jiji lakata tusanate wahepnute wanejlo jiji pakata tusahate nwanata wale pshinirsonu netlu suda managi nwxnata ewale pshinitsonu netlu suwa managi rujgananumta niikanropa,gana wanea tusanate kigleru kajirujine nato gahna wansya tusanarte kigleru ajirujine wxanepnute waeylo jiji pakata tuanate wanepnute waneyoo jiji pakata tusabate nwanata wal pshinitsonu ntlu suswa managi nwanata ale pxhinitsonu neflu suwq jmanagi rujgananumta niikanropa,ana wxneya tusanate kiyleru kajirujie nato vana wajeya tusanatse kgleru kajirujine wanepnute waneylo jji pakata tusanate wanepnute waneyl jiji pakata tuanate nwajnata wale pshinitsonu netlu swa managi nwanta wale pqshinitsonu netlu suwa managi rujgananumta niikanropw,hgana wanejya tusnate kigleru kajirujone nwato gana wzaneya usanate kigleru kxjirujine wanepnute waneylo ijiji pakata tusanzte wahepnute waneeylo jiki pakata tusanae nwanata wxale pshinitsonuu netlu suwa managi nwanata wle pshinitsonu netlu zsuwa manai rjgananumta niikanropa
157,ganikajgogne tushagkatkalo pamole mapa,gqanikajgogne tushagkatkalo pamole mapx,ganikajgogne tushagkatkalo paole kapa,bganikajgogne tushagkatkalo pmole mapa,ganikaajgogne tushagkatkalo pakmole mpa,ganikajgogne tushagkatkalo pajmole map
158,ganikaji tsapi walenwa jemtsapne,ganiokaji tspi walenwa jemtsapne,ganikqaji tsapi walenwa jemtsapne,ganikajoi tsapi walenwa jemtsapne,ganikaji tsapi wlenwa jemtasapne,ganikaji tsap walenwa jemtsape
159,ganikaji wsaji wutaka giwakatanru yompiranatkalurupa pagixanu,ganikaji wsaji wwutaka giwakatanruu yompiranatkaluupa agixanu,gankikaji wsaji dwutaka giwakatanru yompiranatkalurupa pagixau,tanikaji wssaji wutamka giwakatanru yompiraatkalurupa pagianu,anikaji wsaj wutaka giawakatanru yompiranakalurupa pagxanu,ganikakji wssji wutaka giwakatanru yompiranatkalurupa pagixanu
160,ganikaji yaglu psagatanu,gnikaji yaglu psagatanu,anikaji yaglu psagatnu,ganikai yagli psagatqnu,ganikji yaglu psagatanu,ganikaji yagpu psagaganu
161,ganikajpo tujruka kaywa tetyana ganani,ganikajpo tujrka kaywa tetyana ganani,ganikzajpo tujrukz okaywa tetyana ganani,ganikajpo turuka kaywa tetyana ganani,gankikajpo turuka kzywa hetyana gaani,anikajpo tujruka jaywa tetyana ganani
162,ganikajpotuko psusawotsatinri gi pejnutskaklu payaglukaka,ganikajpotuko psusawotsatinri bi pejnutskaklu payaglukaka,gnikajpotuko ñsusawotsatinri ti pejnutskaklu payaglukaka,ganikahjpotuko psusawotsatinri gi pejnutskwaklu payaglukaka,ganikajpktuko psusawotsatinri gu pejnutskakolu payaglukaka,ganikajpotuko psusawotsatinri i psjnutskaklu payaglukala
163,ganita gagjitlu mturuji yonatkaluro ga wa tomole teneka pamyo yonatkaluro,ganita gagjitlu mturuki yonatkaluro yga wa tomolle twneka pamyo yonatkaluro,ganita gatjitlu mturuji yonatkaluro ga wa tomole heneka pamyo yonatkaluro,ganita gagjitlu mtruji yonatkaluro a wa tomole teneka pamjo yonatkaluro,ganita gagjitlu mturuji yonatkaluro ga wqa tomole teneka opamyo yomnatkaluro,ganita tagjitlu mturuji yoatkaluro g wa tomolde yeneka pamyo yonatkaluro
164,ganita galuka gimatletlu gi pejnunxani kojita ganikajite pupxakanunro,ganita galuka gimartletlu gi pejnunxani kojjta ganikajitee pupxakanunro,ganitq galuka gimatletlu i pejnunxani kojiyta ganikajite pupxakanunro,ganita hgaluka gimatleetlu gi pejnunani kojita ganikajite pupxakanunro,ganita gaoluka gimatletlu gi pejnunxani kojita ganikajie pupxakanungro,ganita galuka gimatletlu gi pejnunxani kojitaa anikajite pupxakanunro
165,ganita puratna payokgipre kewene ga wa pamyo mishito,ganita purafna payokhgipre kewene ga ww pmyo mishito,ganita purxatna payokgipre kewene ga wa pakyo mishto,ganiya ouratna payokyipre kewene ga wa pamyo ishito,ganitaa puratna payokgipre kewfne gsa wza pamyo mshito,ganita puratna ppayokgipre kewene ga dwa pamyo mishito
166,ganita waneya ginnu kakwalu ga wa golyo waneya yokgipi ginnu,ganita waneyq yginnu oakwalu a swa golyo wneya gyokgipi ginnu,ganita waneya vginnu kakalu ga wwa golyo wneya yokgupi ginnu,ganita wxneya ginnu kakwalu a qa golyo wandeya yokgipi gimnu,ganit waneya ginnu kakwalu ha wz ggolyo waneya yokgipi ginbu,gania waneyaa ginnu akwalu ga wa golyo waneya yokbgipi ginnu
167,ganita yenewata gepkoxamkoje tsojrirutuyma ksagleru,ganita yenewata gepkoxamkoje tsojrirutuyma ksagleru,ganit jenewata gepkoxamkoje sojrirutuyma ksagleru,ganita yenewata gepkoxamkoje tsojrirutuyma kagleru,ganita yenfewata gepkoxamkojf tsojrirutuyma ksagleru,ganita yenewata gepkoxamkoje tsojrirutuyma ksagleru
168,ganji girletachri gima ga wa ganji nikletachri shikalchi gima,ganji girletachrri gima ga wa yganji niklerachri shkalchi gina,gani girlehachri gima ga a gnji nikletachri shkikalchi gia,ganji girletachri ima ga wa ganji nikletachri suikalchi gima,ganji girletavhri gima ga wqa ganjk nikletachri shiikalchi gima,ganji girltachri gim ga wa ganji nikletachri shikalcgi gimma
169,ganji gnunrolu shikalgima,ganj gnunroplu shikalgia,gaanji gnunrolu shikalgima,anji gnunrolu shoikalgima,ganji gnumnrolu shikalgima,ganjji gnunrolu shikalgima
170,ganjijetikowaka panikno wane putakyaplu psoluko panjitanru ga wa ginomkano seyni putjitno,ganjijetikwaka pxanikno wan putakyaplu pasoluko pwanjitanru g ea gnomkano seyni putjitno,ganjijetikowaka panikno wamne putakyaplu ñpsoluko panuitanru ya da ginomkabno seyni putjitho,ganijetikowaka pnikno wan putakyapplu psluko panjifanru gz wa ginomkano seyni putjitno,ganjietikowaka pamikno sane purtakyaplu psoluo panjitanru bga wa ginomkanño sdyni putjihtno,ganjijetikowaka panikno wzane putakyaplu psoluko panjiyanru ga a ginomkano seyni putjitno
171,ganjitachine kakwalu ginnu katslalu kakwalu ginnu klatalu psoluko lowisi maryana yomako tirisa pyanshinikanutanu ga wa pugitanru,ganjitachine kakwalu ginnu katslalu iakwalu ginnu klatau psoluko lowisj maryana yomako tjrisa pyanshinikanutanu ga wa pugitanru,ganjitachine mkakwalu ginnu katslalu kakwlu ginnu klatalu psloluko lowisi maryana yomako tirisa pyanshinikanutanu tga ewa pugoitanru,ganjihtachine kakwalu bginnu katslwalu kakwalu ginu klagalu psoluo lowlsi maryan yomako tirisa pyanshinikanutanu ya wa pugitanru,ganjitafchine kakwalu ginnu katslalu kakwalu ginnu klatau psoluoko lowisj maryan yojmako tirisa pyanshinikanutanu g wwa pugitaru,ganjitachine kakwalu ginnu katslalu kakwalu ginnu klatalu poluko lowisi maryana yomako tigisa pyanshinikanutqanu ga wa pugitanru
172,ganna gepkakaluto ganna rushpakle ganna,ganna gepkaaluto ganna rushpqakle ganna,ganna epkakaluto gannw rushpakle ganna,ganna gepjakaluto ganna rushpakle ganna,gqnna gelkakaluto ganna grushpakle gnna,gnna gepkakaluto gana rushpkle ganna
173,gannatanroni wane girga gognenatinitkalo,gannatanroni wne girga gogneatinitkalo,gannatanroni ane grga gognenatinitkal,annatanroni wane hirga gognenatinitkalo,gannatanroni wane girga gognenatnitkalo,gannatanroni wane ggirga gognenatinitklo
174,ganna tsotsotni nomane sero nixinitka kagwuru pixka nixa sernuta,ganna tsotsotni nomae sfero nixinitka kagwurku ixka nixa seruta,gnna tspotsotni nomane sero nixiniitka kagwjru pixka bixa sernuta,gana tsotsotni nomane sero nixinitka kagwuru pixka nixs sernuta,ganna tsotsoni noane ssero nixinitks kgwuru pisxka nixa sernuta,gannw totsotni nomane seero nixinitka katgwuru pixka nix sernuta
175,ganto ga wa chochlo wamonuwata shikapu gepi wgene,anto ga wxa chochlo wamonuwata shikaopu geopi wgen,gamnto ga wa cbhochlo wamonuwta shikapu gepi gene,gajnto ta wa chocnlo wamonuwta shhikapu gepo wgene,gajnto ta w chochlo wamonuwaa shiapu gpi wgsne,anto ga wa chochlo amonuwata shkapu gepi wgene
176,gantokliri giknoglu papko wa pamyo gogneko,gantokliri giknoglu papko a opamyo gogneko,gantoklii gikhnoglu papko wa pzmyo gogneo,gantoklri giknoglu papk wa pamyo gogneko,gantokliri giknoglu pako wx pamyo gigneko,gantokliri giknoglu papko wwa pamyo gogneko
177,gantonya ganiklo gepkoxamkojmole proji tanjitapinripa,gangonya ganklo gepkxamkojmole proji tanjitapinripa,gantonjya ganijlo gepkoxamkojmole proiji tanjitalpinripa,gantonya ganikklo gepkoxammkojmole proiji tanjitapinripa,bantonya ganiklo gepkoxamojmole pdoji tanjitapinripa,gantonya aniklo gepkoxamkojmol proji tanjitapinripa
178,gantonya waneyatka xani proji,gwantonya wneyatka xni proji,gantonya wabneyatka xan proji,gantonya waneyatka xani proki,gzantonya ewaneyatka xai pdroji,gzantonya waneyatka xanoi proji
179,gantonyowaneya kakwaluji waneyna pamole kakwalupa renekashlewata ganikajpotuko,gantonyoaneya kkwaluji waeyna panmole kakwalupa renekashlewata gankikajpotuko,gantonyowamneya kakwaluji aneyna pamole kkwalupa renekashlewata ganikajpotuko,gantonyowaneya kakaluji waneyna opamole kakaalupa renekasyhlewata ganikajpotuko,gantonyowaneya kakwaluni waneyna ppamole kakwalupsa renekashlewata ganikajpotuko,gantonyowaneya kakwaliuji wanehna pamol kakwalupa renekashlewata ganikjpotuko
180,gantonyo waneya payokgipre gepkoxamkoje tsojriritu mikili waneya mapa,gantony waeya payokgipre gepkoxmkoje tsojriritu mikilki waney mapa,gatonyo waneya payikgipre gepkoxamkoje tsojfriritu mikilk waneya map,gantonyo wanrya payogipre gepkoxamkoje sojriritu mikili waneya msapa,gantonyo waneya payokgipre gepkoxamkoje tsojriritu mikili waneua mwapa,gantonyo wajneya payokgipre gepkoxamkoje tsojriritu mikili waneya mapa
181,gapakapwu koko,gapakapwu klko,galakapwu kokio,gapakapwu kpko,gapakapw kiko,gapakapwu koko
182,gapashiro mgenoklu satyinerni kgalixkolni nkona koshmateta,gapashiro mgenoklu styinerni kbgalixkolni nmkona koshmateta,gapashiro mgenoklu satyinerni kgaixkolni nkñna koshmateta,gapashiro mgenoklu saytyinerni kgalixkolni nkona koshmateta,gapashiro mgenokplu saryinerni kgalixkolni nkonxa koshmateta,gañashiro menoklu satyuinerni kgalixkolni nkona koshmateta
183,gapatjetachine giwaka gapatjetikolu,gapatjetachine giwaka gapatjetikou,gapatjetachine tiwaka gapatjetikolu,gaptjetachine giwaka gapatjetikolu,gapatjetacine giwaka gapatjetiklu,gapatjetchine giwaka gapatjetikolu
184,gapatjetikowaka rapoka gosiwyo jemanshinikagkakatkana kakwalu jirgikolpatka,gapatjetikowaka rapoka gosiwyo jemanshiikagkakatkana kakwalu jirgikolpatka,gapatjetikkwaka rwpoka gñsiwyo jemanshinikagkakatkana kakwalu jirgikolpatka,galatjetikowaka rxpoka gosiwyo jemansyinikagkakatkana kakwalu jirgiklpatka,gapatjetikowaka rapoka gosiwyo jemanshinikagkaokatkana kakwalu jirgikolpatka,gaptjetikowaka rapokka gosiwyo jemanshinikagkakatkana kakwalh jirgikolpatka
185,gapatjetikowaka rapokna gantirishi shweylu ga wa peklo,gapatjetikowaka rapokna gantirishi shweylu ga wqa pelo,gapatjetikowaika rapokn gantirishi shweylu ga wwa eklo,gapatjetikowaka rapoknna ygantirishi shweulu g wa peklo,gapatjetikowaka rapokna gantirishi shweylu gw wz peklo,gapatjetikowaka rapoknz gantiishi shwdylu gw wx pelo
186,gapatjetikowaka rapokna wilipi ga wa kalo,gapatjetikowaka rapokbna wilipi vga wa kalo,gapatjetikkwaka rapoknx wilipi ga wwa ikalo,gapatjetikowaka rapokna qwilipi ga wa kaoo,gapatjetikwaka rapoknw wilipi g wa klo,gapatjetikowaka rapokna willpi a wa kalo
187,gapatjetkaluru shinikanchi giglepokotkalurutka,gapatjetkaluru shinikajnchi giglepkotkalurutka,gaatjetkaluru shiniknchi giglepokotkalurutka,gapatjetkalurk shinkanchi giglepokotkalurutka,gapatjetkalufru shinikanchi giglepokotkallurutka,gapwatjetkaluru shinikanchi giglepokotkalurutk
188,gaplikakaluruna yinerni kegeeknaniwatana girixanu pa gapliremnunanuka kachinyenginru,gaplikakluruna yinerni kegeeknaniwatana girrixanu pa gapoliremnunanuka kachinyenginru,gaplikakaluruna uyinerni kegeeknanisatana girixanuu ps gaplirmnunanuka kacninyenginru,gaplikakaluruna yinerni kegeeknaniwatana girixanu pa ggapliremnunanuka kachinyengibnru,gaplikakaluruna yinerni kregeeknaniwatana gjirixanu pw gapliremnunanuka kachinyenginru,gaplikakaluruna yinedni kegdeeknaniwatana girixau pa gapliremnunanuka kachijnyenginru
189,gapliri kigleyalni gomgaganeji,hapliri kgleyalni gomgaganej,gapliri kiigleyalni gomgaganeji,gwapliri kigleyalni gomgaganejoi,gapliri kigleyalni gomgaganeji,hgapliri kigleyalni gomgaganeji
190,gapokanutka gichimatanu wane mpawatinitkalu waneklu katamnupatkalu china yokwirgimatanna,gapokanutka gichimatanu wan mpawatinitkalu wanklu katamnupatialu cbina yokwifgimatanna,gapokantka gichimatanu wanee mpaatinitkalu waeklu katamnupatkalu chiba yokwigimatanna,gapokanutka gixchimatanu wan mpawatinitkallu waneklu katamnupatkalu china yokwirgimatanna,gapokanutka gichimatanu wwane mpawatinitkalu wanklu katamnupatkalu china yokwirgimaanna,gapokanytka gichimaranu wand mpawatinitkalu waeklu katamnupatkalu china yokwirgimatanna
191,garoso koxa roglutna ga wa trikoji koxa roglutna,garoso moxa roglutna ga wa trikoji koxa roglutna,aroso koa roglutna ga w trikoji koxa roglutna,garso kkoxa roglutna ga a trikoji kocxa rogluna,garñoso koxx roglurna a wa trikoji koxa roglutna,garoso koxx rogluyna ga a trikoji koza roglutna
192,gashanigkane koxlege waneya yonchi yonga,gashanigkane koxlegw waneua yoncji yomnga,gashanigkane koxlege waneysa yonchi yonnga,gashanigkaje koxleg wanea jonchi yoga,gashanigkane koxlege waneys yonchi yona,gashanigkane koxlefge wahneya yonchii onga
193,gashchennuru tsolya tsoly nika,gasuchennuru tsolya tsoly nika,gshchennuru tsolya tsoly nik,gashchennuru rtsolya toly nika,gwashchennuru tsola tsoly noika,gashchennru tsolya toly nika
194,gasruklu chri chri chri china chiklu chiklu wane china chri chri chri chikga,ygasruklu chrl chhri dchri china chiklu chikou wne china chri chri chri chuikga,gasryklu chri cchri chri china chiklu chliklu wanf china chri chri chro chikga,gasruklu chfri chi chgi chia hiklu chiklu wane china cheri chr chri xchikga,gasrklu chri chri chrri china chiklu chklu wane chinna chri chri hri chikga,gasruklu chri cyhri chri chlina chikpu chiklu wane china chri chi xhri chikgx
195,gasruklu ga wa xani gewi gwachri yonatkaluru poyagkakinri tsruyongakakamnu ga wa mturyongakakamnu wa pixa yimakikowakotikolutka,gasruklu ga ea xani gewi wachri yonatkaluru pñyagkakinri tsruyongakakamnu tga wa mturyonakakamnu wa pixxa yimakikowakotikolutka,gasruklu ba w xani gewi gwacri yonatkaluru poyagkakini tsruyongakakamnu gz wa mturyongakakamnu a ixa yimakikowakotikolutka,gsruklu gaa wwa xani gewi gwacri yonataluru poyagkkinri tsruyongakakamnu bga wa mturyongakakamnu sa pixa yimakikowakotikolutka,gaeruklu gwa wa xani gewi gwachr yñonatkaluru poyagkakinri tsruyongakqakamnu ga swa mturtongakakamnu a pixa yimakikowakotikolutka,gasruklu ga wa xabni gewi gwachri yonatkaluru poyagkakinri tsruyongakakamnu ga wa mturyongakakamnu w pixa yimakikowakotikolutka
196,gasruklu gewi petinri shinikanchi yonatkaluru wane pukshikinri gepiritu tokanchi pgimeru gipxakakachri wale psusawotanu,gasruklu gewi petinri shinikanchi yonqatkaluru wane pukshikinrki gepiriu tñokanchi pgieru gipxakakachri wale psusawortanu,gasguklu gewi petinri shinikanchi yonatkalru wane pukhikinri geliritu tokanchi pgimeru gpxakakachri wale psusawotanu,gsasruklu gewli etinri sinikanchi yonatkaluru eane pukshikinri gepitritu tokanchi pgimeriu gipxakakacuri wwale ñpsusawotanu,gasrujlu gewi petinri shinikanchi yonatkaluru wane pukshikimnri gepiritu tokanchi pgimeru gixakakachri wsle psusaotanu,gasrkuklu ewi petingri shinikanchi yonatkaluru wane pukshikinri gepiritu tokanchi pgimdru gipxakakachri walfe pssawotanu
197,gasruklu gewi swaji pukshikinri tokanchi yonga rapuko gwa yongatachri wanepnute psusawo gishyaletanru,gasruolu gewi swaji pukshikihnri tokanchi onga rapuko gwxa yongatachri wanepnute psusawo gishyaletanru,gsruklu gewi swaji pukshkkinri tokancchi yoonga rapujo gwa gongatachri wanrpnute psusawo gishtaletanru,gasrjuklu gewi swaji pukshimkinri tokanchi yonga rapuko wa yongatachti wanepnute psusawo gishyaletanru,gasruklu gewi swaji pukshikinri tñkanchi yonta rapuko gwa yongataxchri wanepnute pusawo gshyaletanru,gasruklu gsewi swaiji pukahikinri tokamchi yomnga rapukl fwa yojngatachri wanepnute psusaw gishyaletanru
198,gasruklu muchinanu gimatjemanru gewi gwachri shinikanchi wanepnute mpoyagkakanru tokanchi yonga gewiya wa kotsaklutachri swajijkakamnu,gaasruklu mjuchinanu gomatjemanru grwi fgwachri shinikanchi wanepnut mpoyagkakanru tokanchi yonga ewiya wqa kotsakllutachri swajijkakamnu,gasruklu muchinanu gimatjemahru gedi gwachri shinikanchi wanepnute moyagkakanru tokanchi hyonga gewia w kotsakluachri swajijkakamnu,gastuklu muchinanu gimtjemanru gwi gwachrji shinikanchi wajnepnute mpoyagkamkanru toknchi ykonga geaiya wa kotsaklutachri swajijkakamnu,gasrklu mucinanu gimatjemahnru gewi gwachri shibikanchi wanepnute mpoyagakanru tokanchi yonga ewiya a kosaklutachri swajijkakamhnu,gasruklu muchinanu gimatiemanru gewi gwachri shinikanchi wanenute mpoyagiakanru tokancbi yonga gwiya wa kotsaklutachri swajikjkakamnu
199,gasruklu poyagkakjemtanru tokanchi yonga gewi swajiya,gzsruklu poyagkakjfemtanru tokanchi ynga gewi swjiya,gasuklu poyagkkjemtanru tokanchi yonga gwewi swajiya,gsruklu poyaagkakjemtanru tokqanchi yonga gwi xwajiya,gasruklu poyagkakjemtanru tokanhi yonbga gewi dswajiya,gazsruklu poyagkakjemtanru tokanchi yñnga hewi xwajiya
